#0 building with "default" instance using docker driver

#1 [internal] load build definition from Dockerfile.sycl-dev
#1 transferring dockerfile: 6.30kB done
#1 DONE 0.4s

#2 [internal] load metadata for docker.io/intel/deep-learning-essentials:2025.3.3-0-devel-ubuntu24.04
#2 DONE 1.1s

#3 [internal] load metadata for docker.io/library/node:24
#3 DONE 1.8s

#4 [internal] load .dockerignore
#4 transferring context: 2B done
#4 DONE 0.6s

#5 [web 1/6] FROM docker.io/library/node:24@sha256:6dac556d980b7f0e5498d08f08cee0ca67798b4ad6c23964a9214920e67758d0
#5 DONE 0.0s

#6 [build  1/11] FROM docker.io/intel/deep-learning-essentials:2025.3.3-0-devel-ubuntu24.04@sha256:2363f73a031b0c71746bf9205b4a3ae585d7ec511b50159e14aaba42c2e77f33
#6 DONE 0.0s

#7 [internal] load build context
#7 transferring context: 679.69kB 0.4s done
#7 DONE 0.6s

#8 [build  2/11] RUN apt-get update &&     apt-get install -y git libssl-dev wget ca-certificates &&     cd /tmp &&     wget -q "https://github.com/oneapi-src/level-zero/releases/download/v1.28.2/level-zero_1.28.2%2Bu24.04_amd64.deb" -O level-zero.deb &&     wget -q "https://github.com/oneapi-src/level-zero/releases/download/v1.28.2/level-zero-devel_1.28.2%2Bu24.04_amd64.deb" -O level-zero-devel.deb &&     apt-get -o Dpkg::Options::="--force-overwrite" install -y ./level-zero.deb ./level-zero-devel.deb &&     rm -f /tmp/level-zero.deb /tmp/level-zero-devel.deb
#8 CACHED

#9 [build  3/11] WORKDIR /app
#9 CACHED

#10 [web 2/6] WORKDIR /app/tools/ui
#10 CACHED

#11 [web 3/6] COPY src/llama.cpp/tools/ui/package.json src/llama.cpp/tools/ui/package-lock.json ./
#11 CACHED

#12 [web 4/6] RUN npm ci
#12 CACHED

#13 [web 5/6] COPY src/llama.cpp/tools/ui/ ./
#13 CACHED

#14 [web 6/6] RUN npm run build
#14 CACHED

#15 [build  4/11] COPY src/llama.cpp/ .
#15 DONE 11.0s

#16 [build  5/11] RUN echo "Local dev build from src/llama.cpp, pinned base commit: $(git rev-parse HEAD 2>/dev/null || echo unknown)" > /app/PINNED_COMMIT.txt     && (git status --short 2>/dev/null | head -50 >> /app/PINNED_COMMIT.txt || true)
#16 DONE 1.8s

#17 [build  6/11] COPY --from=web /app/tools/ui/dist tools/ui/dist
#17 DONE 1.2s

#18 [build  7/11] RUN if [ "ON" = "ON" ]; then         export OPT_SYCL_F16="-DGGML_SYCL_F16=ON"         && export SYCL_PROGRAM_COMPILE_OPTIONS="-cl-fp32-correctly-rounded-divide-sqrt";     fi &&     cmake -B build -DGGML_NATIVE=OFF -DGGML_SYCL=ON         -DCMAKE_C_COMPILER=icx -DCMAKE_CXX_COMPILER=icpx         -DGGML_BACKEND_DL=ON -DGGML_CPU_ALL_VARIANTS=ON         -DLLAMA_BUILD_TESTS=ON -DLLAMA_CURL=ON         ${OPT_SYCL_F16} &&     cmake --build build --config Release -j8
#18 3.074 -- The C compiler identification is IntelLLVM 2025.3.3
#18 3.296 -- The CXX compiler identification is IntelLLVM 2025.3.3
#18 3.308 -- Detecting C compiler ABI info
#18 3.381 -- Detecting C compiler ABI info - done
#18 3.386 -- Check for working C compiler: /opt/intel/oneapi/compiler/2025.3/bin/icx - skipped
#18 3.387 -- Detecting C compile features
#18 3.387 -- Detecting C compile features - done
#18 3.389 -- Detecting CXX compiler ABI info
#18 3.460 -- Detecting CXX compiler ABI info - done
#18 3.465 -- Check for working CXX compiler: /opt/intel/oneapi/compiler/2025.3/bin/icpx - skipped
#18 3.465 -- Detecting CXX compile features
#18 3.465 -- Detecting CXX compile features - done
#18 3.466 -- llama.cpp version: 0.4.0-dev
#18 3.466 CMAKE_BUILD_TYPE=Release
#18 3.477 -- Found Git: /usr/bin/git (found version "2.43.0") 
#18 4.249 CMake Warning at CMakeLists.txt:181 (message):
#18 4.249   LLAMA_CURL is deprecated and will be ignored
#18 4.249 Call Stack (most recent call first):
#18 4.249   CMakeLists.txt:195 (llama_option_depr)
#18 4.249 
#18 4.249 
#18 4.313 -- The ASM compiler identification is IntelLLVM
#18 4.314 -- Found assembler: /opt/intel/oneapi/compiler/2025.3/bin/icx
#18 4.323 -- Performing Test CMAKE_HAVE_LIBC_PTHREAD
#18 4.411 -- Performing Test CMAKE_HAVE_LIBC_PTHREAD - Success
#18 4.411 -- Found Threads: TRUE  
#18 4.416 -- Warning: ccache not found - consider installing it for faster compilation or disable this warning with GGML_CCACHE=OFF
#18 4.437 -- CMAKE_SYSTEM_PROCESSOR: x86_64
#18 4.437 -- GGML_SYSTEM_ARCH: x86
#18 4.813 -- Found OpenMP_C: -fiopenmp (found version "5.1") 
#18 4.898 -- Found OpenMP_CXX: -fiopenmp (found version "5.1") 
#18 4.899 -- Found OpenMP: TRUE (found version "5.1")  
#18 4.900 -- Including CPU backend
#18 4.901 -- x86 detected
#18 4.901 -- Adding CPU backend variant ggml-cpu-x64:  
#18 4.901 -- x86 detected
#18 4.901 -- Adding CPU backend variant ggml-cpu-sse42: -msse4.2 GGML_SSE42
#18 4.901 -- x86 detected
#18 4.901 -- Adding CPU backend variant ggml-cpu-sandybridge: -msse4.2;-mavx GGML_SSE42;GGML_AVX
#18 4.902 -- x86 detected
#18 4.902 -- Adding CPU backend variant ggml-cpu-ivybridge: -msse4.2;-mf16c;-mavx GGML_SSE42;GGML_F16C;GGML_AVX
#18 4.902 -- x86 detected
#18 4.902 -- Adding CPU backend variant ggml-cpu-piledriver: -msse4.2;-mf16c;-mfma;-mavx GGML_SSE42;GGML_F16C;GGML_FMA;GGML_AVX
#18 4.902 -- x86 detected
#18 4.902 -- Adding CPU backend variant ggml-cpu-haswell: -msse4.2;-mf16c;-mfma;-mbmi2;-mavx;-mavx2 GGML_SSE42;GGML_F16C;GGML_FMA;GGML_BMI2;GGML_AVX;GGML_AVX2
#18 4.902 -- x86 detected
#18 4.903 -- Adding CPU backend variant ggml-cpu-skylakex: -msse4.2;-mf16c;-mfma;-mbmi2;-mavx;-mavx2;-mavx512f;-mavx512cd;-mavx512vl;-mavx512dq;-mavx512bw GGML_SSE42;GGML_F16C;GGML_FMA;GGML_BMI2;GGML_AVX;GGML_AVX2;GGML_AVX512
#18 4.903 -- x86 detected
#18 4.903 -- Adding CPU backend variant ggml-cpu-cannonlake: -msse4.2;-mf16c;-mfma;-mbmi2;-mavx;-mavx2;-mavx512f;-mavx512cd;-mavx512vl;-mavx512dq;-mavx512bw;-mavx512vbmi GGML_SSE42;GGML_F16C;GGML_FMA;GGML_BMI2;GGML_AVX;GGML_AVX2;GGML_AVX512;GGML_AVX512_VBMI
#18 4.903 -- x86 detected
#18 4.903 -- Adding CPU backend variant ggml-cpu-cascadelake: -msse4.2;-mf16c;-mfma;-mbmi2;-mavx;-mavx2;-mavx512f;-mavx512cd;-mavx512vl;-mavx512dq;-mavx512bw;-mavx512vnni GGML_SSE42;GGML_F16C;GGML_FMA;GGML_BMI2;GGML_AVX;GGML_AVX2;GGML_AVX512;GGML_AVX512_VNNI
#18 4.903 -- x86 detected
#18 4.903 -- Adding CPU backend variant ggml-cpu-icelake: -msse4.2;-mf16c;-mfma;-mbmi2;-mavx;-mavx2;-mavx512f;-mavx512cd;-mavx512vl;-mavx512dq;-mavx512bw;-mavx512vbmi;-mavx512vnni GGML_SSE42;GGML_F16C;GGML_FMA;GGML_BMI2;GGML_AVX;GGML_AVX2;GGML_AVX512;GGML_AVX512_VBMI;GGML_AVX512_VNNI
#18 4.904 -- x86 detected
#18 4.904 -- Adding CPU backend variant ggml-cpu-cooperlake: -msse4.2;-mf16c;-mfma;-mbmi2;-mavx;-mavx2;-mavx512f;-mavx512cd;-mavx512vl;-mavx512dq;-mavx512bw;-mavx512vnni;-mavx512bf16 GGML_SSE42;GGML_F16C;GGML_FMA;GGML_BMI2;GGML_AVX;GGML_AVX2;GGML_AVX512;GGML_AVX512_VNNI;GGML_AVX512_BF16
#18 4.904 -- x86 detected
#18 4.904 -- Adding CPU backend variant ggml-cpu-zen4: -msse4.2;-mf16c;-mfma;-mbmi2;-mavx;-mavx2;-mavx512f;-mavx512cd;-mavx512vl;-mavx512dq;-mavx512bw;-mavx512vbmi;-mavx512vnni;-mavx512bf16 GGML_SSE42;GGML_F16C;GGML_FMA;GGML_BMI2;GGML_AVX;GGML_AVX2;GGML_AVX512;GGML_AVX512_VBMI;GGML_AVX512_VNNI;GGML_AVX512_BF16
#18 4.904 -- x86 detected
#18 4.904 -- Adding CPU backend variant ggml-cpu-alderlake: -msse4.2;-mf16c;-mfma;-mbmi2;-mavx;-mavx2;-mavxvnni GGML_SSE42;GGML_F16C;GGML_FMA;GGML_BMI2;GGML_AVX;GGML_AVX2;GGML_AVX_VNNI
#18 4.905 -- x86 detected
#18 4.905 -- Adding CPU backend variant ggml-cpu-sapphirerapids: -msse4.2;-mf16c;-mfma;-mbmi2;-mavx;-mavx2;-mavx512f;-mavx512cd;-mavx512vl;-mavx512dq;-mavx512bw;-mavx512vbmi;-mavx512vnni;-mavx512bf16;-mamx-tile;-mamx-int8 GGML_SSE42;GGML_F16C;GGML_FMA;GGML_BMI2;GGML_AVX;GGML_AVX2;GGML_AVX512;GGML_AVX512_VBMI;GGML_AVX512_VNNI;GGML_AVX512_BF16;GGML_AMX_TILE;GGML_AMX_INT8
#18 4.957 -- GGML_SYCL_TARGET=INTEL
#18 4.957 -- Performing Test SUPPORTS_SYCL
#18 5.263 -- Performing Test SUPPORTS_SYCL - Success
#18 5.263 -- Using oneAPI Release SYCL compiler (icpx).
#18 5.263 -- SYCL found
#18 6.575 -- SYCL Compiler version: 20250303
#18 6.575 -- SYCL_INCLUDE_DIR: /opt/intel/oneapi/compiler/2025.3/include
#18 6.575 -- SYCL_LIBRARY=/opt/intel/oneapi/compiler/2025.3/lib/libsycl.so
#18 6.866 -- Found IntelSYCL: /opt/intel/oneapi/compiler/2025.3/include (found version "202012") 
#18 6.866 -- GGML_SYCL_SUPPORT_LEVEL_ZERO_API ON
#18 6.870 -- Level Zero loader found: /usr/lib/x86_64-linux-gnu/libze_loader.so
#18 6.870 -- Level Zero headers found: /usr/include
#18 6.877 -- Looking for CL_VERSION_3_0
#18 6.955 -- Looking for CL_VERSION_3_0 - found
#18 6.956 -- Found OpenCL: /opt/intel/oneapi/compiler/2025.3/lib/libOpenCL.so (found version "3.0") 
#18 6.956 -- Found oneDNN: /opt/intel/oneapi/dnnl/2025.3/lib/libdnnl.so.3.9
#18 6.959 -- MKL_VERSION: 2025.3.0
#18 6.959 -- MKL_ROOT: /opt/intel/oneapi/mkl/2025.3
#18 6.959 -- MKL_ARCH: intel64
#18 6.959 -- MKL_SYCL_LINK: None, set to ` dynamic` by default
#18 6.959 -- MKL_LINK: None, set to ` dynamic` by default
#18 6.959 -- MKL_SYCL_INTERFACE_FULL: None, set to ` intel_ilp64` by default
#18 6.959 -- MKL_INTERFACE_FULL: None, set to ` intel_ilp64` by default
#18 6.959 -- MKL_SYCL_THREADING: None, set to ` tbb_thread` by default
#18 6.959 -- MKL_THREADING: None, set to ` intel_thread` by default
#18 6.959 -- MKL_SYCL_MPI: None, set to ` intelmpi` by default
#18 6.959 -- MKL_MPI: None, set to ` intelmpi` by default
#18 6.959 -- Found /opt/intel/oneapi/mkl/2025.3/lib/libmkl_scalapack_ilp64.so
#18 6.960 -- Found /opt/intel/oneapi/mkl/2025.3/lib/libmkl_cdft_core.so
#18 6.960 -- Found /opt/intel/oneapi/mkl/2025.3/lib/libmkl_intel_ilp64.so
#18 6.960 -- Found /opt/intel/oneapi/mkl/2025.3/lib/libmkl_intel_thread.so
#18 6.960 -- Found /opt/intel/oneapi/mkl/2025.3/lib/libmkl_core.so
#18 6.960 -- Found /opt/intel/oneapi/mkl/2025.3/lib/libmkl_blacs_intelmpi_ilp64.so
#18 6.960 -- Could NOT find mkl_sycl_distributed_dft for target MKL::MKL_SYCL_DISTRIBUTED_DFT
#18 6.960 -- Found /opt/intel/oneapi/mkl/2025.3/lib/libmkl_sycl_blas.so
#18 6.960 -- Found /opt/intel/oneapi/mkl/2025.3/lib/libmkl_sycl_lapack.so
#18 6.960 -- Found /opt/intel/oneapi/mkl/2025.3/lib/libmkl_sycl_dft.so
#18 6.960 -- Found /opt/intel/oneapi/mkl/2025.3/lib/libmkl_sycl_sparse.so
#18 6.960 -- Found /opt/intel/oneapi/mkl/2025.3/lib/libmkl_sycl_data_fitting.so
#18 6.961 -- Found /opt/intel/oneapi/mkl/2025.3/lib/libmkl_sycl_rng.so
#18 6.961 -- Found /opt/intel/oneapi/mkl/2025.3/lib/libmkl_sycl_stats.so
#18 6.961 -- Found /opt/intel/oneapi/mkl/2025.3/lib/libmkl_sycl_vm.so
#18 6.961 -- Found /opt/intel/oneapi/mkl/2025.3/lib/libmkl_tbb_thread.so
#18 6.964 -- Found /opt/intel/oneapi/compiler/2025.3/lib/libiomp5.so
#18 6.964 -- find GGML_SYCL_GRAPH
#18 6.964 -- find GGML_SYCL_HOST_MEM_FALLBACK
#18 6.964 -- Including SYCL backend
#18 6.969 -- ggml version: 0.23.0
#18 6.969 -- ggml commit:  6d9c82ea2-dirty
#18 7.092 -- Found OpenSSL: /usr/lib/x86_64-linux-gnu/libcrypto.so (found version "3.0.13")  
#18 7.092 -- Performing Test OPENSSL_VERSION_SUPPORTED
#18 7.153 -- Performing Test OPENSSL_VERSION_SUPPORTED - Success
#18 7.153 -- OpenSSL found: 3.0.13
#18 7.322 -- Generating embedded license file for target: llama-app
#18 7.327 -- Configuring done (6.0s)
#18 7.481 -- Generating done (0.1s)
#18 7.487 -- Build files have been written to: /app/build
#18 7.527 [  1%] Building CXX object ggml/src/CMakeFiles/ggml-cpu-ivybridge-feats.dir/ggml-cpu/arch/x86/cpu-feats.cpp.o
#18 7.527 [  1%] Building CXX object ggml/src/CMakeFiles/ggml-cpu-x64-feats.dir/ggml-cpu/arch/x86/cpu-feats.cpp.o
#18 7.527 [  1%] Building C object ggml/src/CMakeFiles/ggml-base.dir/ggml.c.o
#18 7.527 [  1%] Building CXX object ggml/src/CMakeFiles/ggml-cpu-sse42-feats.dir/ggml-cpu/arch/x86/cpu-feats.cpp.o
#18 7.528 [  1%] Building CXX object ggml/src/CMakeFiles/ggml-cpu-skylakex-feats.dir/ggml-cpu/arch/x86/cpu-feats.cpp.o
#18 7.529 [  1%] Building CXX object ggml/src/CMakeFiles/ggml-cpu-piledriver-feats.dir/ggml-cpu/arch/x86/cpu-feats.cpp.o
#18 7.529 [  1%] Building CXX object ggml/src/CMakeFiles/ggml-cpu-sandybridge-feats.dir/ggml-cpu/arch/x86/cpu-feats.cpp.o
#18 7.529 [  1%] Building CXX object ggml/src/CMakeFiles/ggml-cpu-haswell-feats.dir/ggml-cpu/arch/x86/cpu-feats.cpp.o
#18 7.676 [  1%] Built target ggml-cpu-piledriver-feats
#18 7.676 [  1%] Built target ggml-cpu-haswell-feats
#18 7.676 [  1%] Built target ggml-cpu-skylakex-feats
#18 7.676 [  1%] Built target ggml-cpu-sandybridge-feats
#18 7.676 [  1%] Built target ggml-cpu-x64-feats
#18 7.676 [  1%] Built target ggml-cpu-ivybridge-feats
#18 7.676 [  1%] Built target ggml-cpu-sse42-feats
#18 7.681 [  1%] Building C object ggml/src/CMakeFiles/ggml-base.dir/ggml-alloc.c.o
#18 7.682 [  1%] Building CXX object ggml/src/CMakeFiles/ggml-base.dir/ggml.cpp.o
#18 7.687 [  2%] Building CXX object ggml/src/CMakeFiles/ggml-cpu-icelake-feats.dir/ggml-cpu/arch/x86/cpu-feats.cpp.o
#18 7.687 [  2%] Building CXX object ggml/src/CMakeFiles/ggml-cpu-cannonlake-feats.dir/ggml-cpu/arch/x86/cpu-feats.cpp.o
#18 7.688 [  2%] Building CXX object ggml/src/CMakeFiles/ggml-cpu-zen4-feats.dir/ggml-cpu/arch/x86/cpu-feats.cpp.o
#18 7.688 [  2%] Building CXX object ggml/src/CMakeFiles/ggml-cpu-cooperlake-feats.dir/ggml-cpu/arch/x86/cpu-feats.cpp.o
#18 7.688 [  2%] Building CXX object ggml/src/CMakeFiles/ggml-cpu-cascadelake-feats.dir/ggml-cpu/arch/x86/cpu-feats.cpp.o
#18 7.810 [  3%] Building CXX object ggml/src/CMakeFiles/ggml-base.dir/ggml-backend.cpp.o
#18 7.811 [  3%] Built target ggml-cpu-zen4-feats
#18 7.811 [  3%] Built target ggml-cpu-cascadelake-feats
#18 7.815 [  3%] Building CXX object ggml/src/CMakeFiles/ggml-base.dir/ggml-backend-meta.cpp.o
#18 7.815 [  3%] Built target ggml-cpu-icelake-feats
#18 7.817 [  3%] Built target ggml-cpu-cannonlake-feats
#18 7.818 [  3%] Built target ggml-cpu-cooperlake-feats
#18 7.822 [  3%] Building CXX object ggml/src/CMakeFiles/ggml-cpu-alderlake-feats.dir/ggml-cpu/arch/x86/cpu-feats.cpp.o
#18 7.825 [  3%] Building CXX object ggml/src/CMakeFiles/ggml-cpu-sapphirerapids-feats.dir/ggml-cpu/arch/x86/cpu-feats.cpp.o
#18 7.828 [  3%] Building CXX object vendor/hash/CMakeFiles/vendor-hash.dir/hash.cpp.o
#18 7.828 [  3%] Building CXX object vendor/cpp-httplib/CMakeFiles/cpp-httplib.dir/httplib.cpp.o
#18 7.919 [  3%] Building C object vendor/hash/CMakeFiles/vendor-hash.dir/xxhash/xxhash.c.o
#18 7.930 [  3%] Building CXX object ggml/src/CMakeFiles/ggml-base.dir/ggml-opt.cpp.o
#18 7.950 [  3%] Built target ggml-cpu-alderlake-feats
#18 7.950 [  3%] Built target ggml-cpu-sapphirerapids-feats
#18 7.954 [  3%] Building CXX object ggml/src/CMakeFiles/ggml-base.dir/ggml-threading.cpp.o
#18 7.959 [  3%] Building CXX object common/CMakeFiles/llama-common-base.dir/build-info.cpp.o
#18 8.057 [  4%] Linking CXX static library libllama-common-base.a
#18 8.059 [  4%] Building C object ggml/src/CMakeFiles/ggml-base.dir/ggml-quants.c.o
#18 8.079 [  4%] Built target llama-common-base
#18 8.092 [  4%] Provisioning UI assets
#18 8.139 -- UI: using pre-built assets from /app/tools/ui/dist
#18 8.322 [  4%] Building CXX object vendor/hash/CMakeFiles/vendor-hash.dir/sha1/sha1.c.o
#18 8.333 -- UI: gzip compression applied (/app/build/tools/ui/ui-gzip/_gzip)
#18 8.393 [  4%] Building CXX object ggml/src/CMakeFiles/ggml-base.dir/gguf.cpp.o
#18 8.408 [  4%] Building C object vendor/hash/CMakeFiles/vendor-hash.dir/sha256/sha256.c.o
#18 8.488 [  5%] Linking CXX static library libvendor-hash.a
#18 8.522 [  6%] Building CXX object tools/mtmd/CMakeFiles/llama-llava-cli.dir/deprecation-warning.cpp.o
#18 8.543 [  6%] Built target vendor-hash
#18 8.556 [  6%] Building CXX object tools/mtmd/CMakeFiles/llama-gemma3-cli.dir/deprecation-warning.cpp.o
#18 8.625 [  6%] Linking CXX executable ../../bin/llama-llava-cli
#18 8.655 [  6%] Linking CXX executable ../../bin/llama-gemma3-cli
#18 8.679 [  6%] Built target llama-llava-cli
#18 8.691 [  6%] Building CXX object tools/mtmd/CMakeFiles/llama-minicpmv-cli.dir/deprecation-warning.cpp.o
#18 8.710 [  6%] Built target llama-gemma3-cli
#18 8.721 [  6%] Building CXX object tools/mtmd/CMakeFiles/llama-qwen2vl-cli.dir/deprecation-warning.cpp.o
#18 8.785 [  6%] Linking CXX executable ../../bin/llama-minicpmv-cli
#18 8.817 [  6%] Linking CXX executable ../../bin/llama-qwen2vl-cli
#18 8.831 [  6%] Built target llama-minicpmv-cli
#18 8.864 [  6%] Built target llama-qwen2vl-cli
#18 9.987 -- UI: embedded 70 assets
#18 9.995 [  6%] Built target llama-ui-assets
#18 10.00 [  6%] Building CXX object tools/ui/CMakeFiles/llama-ui.dir/ui.cpp.o
#18 11.56 [  6%] Linking CXX shared library ../../bin/libggml-base.so
#18 11.63 [  6%] Built target ggml-base
#18 11.64 [  6%] Building C object ggml/src/CMakeFiles/ggml-cpu-sse42.dir/ggml-cpu/ggml-cpu.c.o
#18 11.64 [  6%] Building C object ggml/src/CMakeFiles/ggml-cpu-sandybridge.dir/ggml-cpu/ggml-cpu.c.o
#18 11.65 [  6%] Building CXX object ggml/src/ggml-sycl/CMakeFiles/ggml-sycl.dir/ggml-sycl.cpp.o
#18 11.65 [  6%] Building C object ggml/src/CMakeFiles/ggml-cpu-piledriver.dir/ggml-cpu/ggml-cpu.c.o
#18 11.65 [  6%] Building C object ggml/src/CMakeFiles/ggml-cpu-ivybridge.dir/ggml-cpu/ggml-cpu.c.o
#18 11.65 [  6%] Building C object ggml/src/CMakeFiles/ggml-cpu-x64.dir/ggml-cpu/ggml-cpu.c.o
#18 11.70 [  6%] Linking CXX static library libllama-ui.a
#18 11.72 [  6%] Built target llama-ui
#18 11.73 [  6%] Building CXX object ggml/src/CMakeFiles/ggml-cpu-x64.dir/ggml-cpu/ggml-cpu.cpp.o
#18 12.08 [  6%] Building CXX object ggml/src/CMakeFiles/ggml-cpu-x64.dir/ggml-cpu/repack.cpp.o
#18 12.13 [  6%] Building CXX object ggml/src/CMakeFiles/ggml-cpu-sse42.dir/ggml-cpu/ggml-cpu.cpp.o
#18 12.13 [  6%] Building CXX object ggml/src/CMakeFiles/ggml-cpu-x64.dir/ggml-cpu/iqp.cpp.o
#18 12.16 [  6%] Building CXX object ggml/src/CMakeFiles/ggml-cpu-sandybridge.dir/ggml-cpu/ggml-cpu.cpp.o
#18 12.16 [  6%] Building CXX object ggml/src/CMakeFiles/ggml-cpu-ivybridge.dir/ggml-cpu/ggml-cpu.cpp.o
#18 12.17 [  6%] Building CXX object ggml/src/CMakeFiles/ggml-cpu-piledriver.dir/ggml-cpu/ggml-cpu.cpp.o
#18 12.48 [  6%] Building CXX object ggml/src/CMakeFiles/ggml-cpu-sse42.dir/ggml-cpu/repack.cpp.o
#18 12.49 [  6%] Building CXX object ggml/src/CMakeFiles/ggml-cpu-sandybridge.dir/ggml-cpu/repack.cpp.o
#18 12.51 [  6%] Building CXX object ggml/src/CMakeFiles/ggml-cpu-ivybridge.dir/ggml-cpu/repack.cpp.o
#18 12.53 [  6%] Building CXX object ggml/src/CMakeFiles/ggml-cpu-piledriver.dir/ggml-cpu/repack.cpp.o
#18 13.14 [  6%] Building CXX object ggml/src/CMakeFiles/ggml-cpu-piledriver.dir/ggml-cpu/iqp.cpp.o
#18 14.16 [  6%] Building CXX object ggml/src/CMakeFiles/ggml-cpu-piledriver.dir/ggml-cpu/hbm.cpp.o
#18 14.18 [  6%] Building C object ggml/src/CMakeFiles/ggml-cpu-piledriver.dir/ggml-cpu/quants.c.o
#18 15.18 [  6%] Building CXX object ggml/src/CMakeFiles/ggml-cpu-piledriver.dir/ggml-cpu/traits.cpp.o
#18 15.42 [  6%] Building CXX object ggml/src/CMakeFiles/ggml-cpu-sse42.dir/ggml-cpu/iqp.cpp.o
#18 16.40 [  6%] Building CXX object ggml/src/CMakeFiles/ggml-cpu-piledriver.dir/ggml-cpu/amx/amx.cpp.o
#18 16.64 [  7%] Building CXX object ggml/src/CMakeFiles/ggml-cpu-piledriver.dir/ggml-cpu/amx/mmq.cpp.o
#18 16.70 [  7%] Building CXX object ggml/src/CMakeFiles/ggml-cpu-x64.dir/ggml-cpu/hbm.cpp.o
#18 16.72 [  8%] Building C object ggml/src/CMakeFiles/ggml-cpu-x64.dir/ggml-cpu/quants.c.o
#18 16.75 [  8%] Building CXX object ggml/src/CMakeFiles/ggml-cpu-sse42.dir/ggml-cpu/hbm.cpp.o
#18 16.77 [  8%] Building C object ggml/src/CMakeFiles/ggml-cpu-sse42.dir/ggml-cpu/quants.c.o
#18 16.81 [  8%] Building CXX object ggml/src/CMakeFiles/ggml-cpu-sandybridge.dir/ggml-cpu/iqp.cpp.o
#18 16.83 [  8%] Building CXX object ggml/src/CMakeFiles/ggml-cpu-ivybridge.dir/ggml-cpu/iqp.cpp.o
#18 16.86 [  8%] Building CXX object ggml/src/CMakeFiles/ggml-cpu-ivybridge.dir/ggml-cpu/hbm.cpp.o
#18 16.89 [  9%] Building C object ggml/src/CMakeFiles/ggml-cpu-haswell.dir/ggml-cpu/ggml-cpu.c.o
#18 16.90 [  9%] Building CXX object ggml/src/CMakeFiles/ggml-cpu-piledriver.dir/ggml-cpu/binary-ops.cpp.o
#18 17.36 [  9%] Building CXX object ggml/src/CMakeFiles/ggml-cpu-haswell.dir/ggml-cpu/ggml-cpu.cpp.o
#18 17.72 [  9%] Building CXX object ggml/src/CMakeFiles/ggml-cpu-haswell.dir/ggml-cpu/repack.cpp.o
#18 17.73 [ 10%] Building CXX object ggml/src/CMakeFiles/ggml-cpu-sse42.dir/ggml-cpu/traits.cpp.o
#18 17.76 [ 10%] Building CXX object ggml/src/CMakeFiles/ggml-cpu-x64.dir/ggml-cpu/traits.cpp.o
#18 17.84 [ 10%] Building C object ggml/src/CMakeFiles/ggml-cpu-ivybridge.dir/ggml-cpu/quants.c.o
#18 17.84 [ 10%] Building CXX object ggml/src/CMakeFiles/ggml-cpu-sandybridge.dir/ggml-cpu/hbm.cpp.o
#18 17.86 [ 10%] Building C object ggml/src/CMakeFiles/ggml-cpu-sandybridge.dir/ggml-cpu/quants.c.o
#18 17.90 [ 10%] Building CXX object ggml/src/CMakeFiles/ggml-cpu-piledriver.dir/ggml-cpu/unary-ops.cpp.o
#18 17.93 [ 10%] Building CXX object ggml/src/CMakeFiles/ggml-cpu-sse42.dir/ggml-cpu/amx/amx.cpp.o
#18 17.97 [ 10%] Building CXX object ggml/src/CMakeFiles/ggml-cpu-x64.dir/ggml-cpu/amx/amx.cpp.o
#18 18.16 [ 10%] Building CXX object ggml/src/CMakeFiles/ggml-cpu-sse42.dir/ggml-cpu/amx/mmq.cpp.o
#18 18.20 [ 10%] Building CXX object ggml/src/CMakeFiles/ggml-cpu-x64.dir/ggml-cpu/amx/mmq.cpp.o
#18 18.42 [ 10%] Building CXX object ggml/src/CMakeFiles/ggml-cpu-sse42.dir/ggml-cpu/binary-ops.cpp.o
#18 18.46 [ 10%] Building CXX object ggml/src/CMakeFiles/ggml-cpu-x64.dir/ggml-cpu/binary-ops.cpp.o
#18 18.78 [ 10%] Building CXX object ggml/src/CMakeFiles/ggml-cpu-ivybridge.dir/ggml-cpu/traits.cpp.o
#18 18.80 [ 10%] Building CXX object ggml/src/CMakeFiles/ggml-cpu-sandybridge.dir/ggml-cpu/traits.cpp.o
#18 18.99 [ 10%] Building CXX object ggml/src/CMakeFiles/ggml-cpu-ivybridge.dir/ggml-cpu/amx/amx.cpp.o
#18 19.00 [ 11%] Building CXX object ggml/src/CMakeFiles/ggml-cpu-sandybridge.dir/ggml-cpu/amx/amx.cpp.o
#18 19.22 [ 12%] Building CXX object ggml/src/CMakeFiles/ggml-cpu-ivybridge.dir/ggml-cpu/amx/mmq.cpp.o
#18 19.23 [ 12%] Building CXX object ggml/src/CMakeFiles/ggml-cpu-sandybridge.dir/ggml-cpu/amx/mmq.cpp.o
#18 19.45 [ 12%] Building CXX object ggml/src/CMakeFiles/ggml-cpu-sse42.dir/ggml-cpu/unary-ops.cpp.o
#18 19.46 [ 12%] Building CXX object ggml/src/CMakeFiles/ggml-cpu-x64.dir/ggml-cpu/unary-ops.cpp.o
#18 19.47 [ 12%] Building CXX object ggml/src/CMakeFiles/ggml-cpu-sandybridge.dir/ggml-cpu/binary-ops.cpp.o
#18 19.48 [ 12%] Building CXX object ggml/src/CMakeFiles/ggml-cpu-ivybridge.dir/ggml-cpu/binary-ops.cpp.o
#18 19.65 [ 12%] Linking CXX static library libcpp-httplib.a
#18 19.68 [ 12%] Built target cpp-httplib
#18 19.69 [ 12%] Building C object ggml/src/CMakeFiles/ggml-cpu-skylakex.dir/ggml-cpu/ggml-cpu.c.o
#18 19.70 [ 12%] Building CXX object ggml/src/CMakeFiles/ggml-cpu-piledriver.dir/ggml-cpu/vec.cpp.o
#18 20.01 [ 12%] Building CXX object ggml/src/CMakeFiles/ggml-cpu-piledriver.dir/ggml-cpu/ops.cpp.o
#18 20.21 [ 12%] Building CXX object ggml/src/CMakeFiles/ggml-cpu-skylakex.dir/ggml-cpu/ggml-cpu.cpp.o
#18 20.49 [ 12%] Building CXX object ggml/src/CMakeFiles/ggml-cpu-sandybridge.dir/ggml-cpu/unary-ops.cpp.o
#18 20.50 [ 12%] Building CXX object ggml/src/CMakeFiles/ggml-cpu-ivybridge.dir/ggml-cpu/unary-ops.cpp.o
#18 20.57 [ 12%] Building CXX object ggml/src/CMakeFiles/ggml-cpu-skylakex.dir/ggml-cpu/repack.cpp.o
#18 21.22 [ 12%] Building CXX object ggml/src/CMakeFiles/ggml-cpu-sse42.dir/ggml-cpu/vec.cpp.o
#18 21.23 [ 12%] Building CXX object ggml/src/CMakeFiles/ggml-cpu-x64.dir/ggml-cpu/vec.cpp.o
#18 21.51 [ 12%] Building CXX object ggml/src/CMakeFiles/ggml-cpu-x64.dir/ggml-cpu/ops.cpp.o
#18 21.54 [ 12%] Building CXX object ggml/src/CMakeFiles/ggml-cpu-sse42.dir/ggml-cpu/ops.cpp.o
#18 22.03 [ 12%] Building CXX object ggml/src/CMakeFiles/ggml-cpu-haswell.dir/ggml-cpu/iqp.cpp.o
#18 22.30 [ 12%] Building CXX object ggml/src/CMakeFiles/ggml-cpu-ivybridge.dir/ggml-cpu/vec.cpp.o
#18 22.34 [ 12%] Building CXX object ggml/src/CMakeFiles/ggml-cpu-sandybridge.dir/ggml-cpu/vec.cpp.o
#18 22.47 [ 12%] Building CXX object ggml/src/CMakeFiles/ggml-cpu-haswell.dir/ggml-cpu/hbm.cpp.o
#18 22.49 [ 12%] Building C object ggml/src/CMakeFiles/ggml-cpu-haswell.dir/ggml-cpu/quants.c.o
#18 22.59 [ 12%] Building CXX object ggml/src/CMakeFiles/ggml-cpu-ivybridge.dir/ggml-cpu/ops.cpp.o
#18 22.65 [ 12%] Building CXX object ggml/src/CMakeFiles/ggml-cpu-sandybridge.dir/ggml-cpu/ops.cpp.o
#18 23.40 [ 12%] Building CXX object ggml/src/CMakeFiles/ggml-cpu-haswell.dir/ggml-cpu/traits.cpp.o
#18 23.62 [ 12%] Building CXX object ggml/src/CMakeFiles/ggml-cpu-haswell.dir/ggml-cpu/amx/amx.cpp.o
#18 23.85 [ 12%] Building CXX object ggml/src/CMakeFiles/ggml-cpu-haswell.dir/ggml-cpu/amx/mmq.cpp.o
#18 24.10 [ 13%] Building CXX object ggml/src/CMakeFiles/ggml-cpu-haswell.dir/ggml-cpu/binary-ops.cpp.o
#18 24.94 [ 13%] Building CXX object ggml/src/CMakeFiles/ggml-cpu-skylakex.dir/ggml-cpu/iqp.cpp.o
#18 25.04 [ 13%] Building CXX object ggml/src/ggml-sycl/CMakeFiles/ggml-sycl.dir/add-id.cpp.o
#18 25.19 [ 13%] Building CXX object ggml/src/CMakeFiles/ggml-cpu-haswell.dir/ggml-cpu/unary-ops.cpp.o
#18 25.40 [ 13%] Building CXX object ggml/src/CMakeFiles/ggml-cpu-skylakex.dir/ggml-cpu/hbm.cpp.o
#18 25.42 [ 13%] Building C object ggml/src/CMakeFiles/ggml-cpu-skylakex.dir/ggml-cpu/quants.c.o
#18 25.62 [ 13%] Building CXX object ggml/src/CMakeFiles/ggml-cpu-piledriver.dir/ggml-cpu/llamafile/sgemm.cpp.o
#18 26.30 [ 13%] Building CXX object ggml/src/CMakeFiles/ggml-cpu-x64.dir/ggml-cpu/llamafile/sgemm.cpp.o
#18 26.37 [ 14%] Building CXX object ggml/src/CMakeFiles/ggml-cpu-skylakex.dir/ggml-cpu/traits.cpp.o
#18 26.52 [ 15%] Building C object ggml/src/CMakeFiles/ggml-cpu-x64.dir/ggml-cpu/arch/x86/quants.c.o
#18 26.62 [ 15%] Building CXX object ggml/src/CMakeFiles/ggml-cpu-skylakex.dir/ggml-cpu/amx/amx.cpp.o
#18 26.73 [ 15%] Building CXX object ggml/src/CMakeFiles/ggml-cpu-x64.dir/ggml-cpu/arch/x86/repack.cpp.o
#18 26.85 [ 15%] Building CXX object ggml/src/CMakeFiles/ggml-cpu-skylakex.dir/ggml-cpu/amx/mmq.cpp.o
#18 26.96 [ 15%] Linking CXX shared module ../../bin/libggml-cpu-x64.so
#18 27.07 [ 15%] Built target ggml-cpu-x64
#18 27.09 [ 15%] Building C object ggml/src/CMakeFiles/ggml-cpu-cannonlake.dir/ggml-cpu/ggml-cpu.c.o
#18 27.09 [ 15%] Building CXX object ggml/src/CMakeFiles/ggml-cpu-skylakex.dir/ggml-cpu/binary-ops.cpp.o
#18 27.10 [ 15%] Building C object ggml/src/CMakeFiles/ggml-cpu-piledriver.dir/ggml-cpu/arch/x86/quants.c.o
#18 27.11 [ 15%] Building CXX object ggml/src/CMakeFiles/ggml-cpu-sse42.dir/ggml-cpu/llamafile/sgemm.cpp.o
#18 27.13 [ 15%] Building CXX object ggml/src/CMakeFiles/ggml-cpu-haswell.dir/ggml-cpu/vec.cpp.o
#18 27.30 [ 15%] Building C object ggml/src/CMakeFiles/ggml-cpu-sse42.dir/ggml-cpu/arch/x86/quants.c.o
#18 27.41 [ 15%] Building CXX object ggml/src/CMakeFiles/ggml-cpu-haswell.dir/ggml-cpu/ops.cpp.o
#18 27.44 [ 15%] Building CXX object ggml/src/CMakeFiles/ggml-cpu-piledriver.dir/ggml-cpu/arch/x86/repack.cpp.o
#18 27.47 [ 16%] Building CXX object ggml/src/CMakeFiles/ggml-cpu-sse42.dir/ggml-cpu/arch/x86/repack.cpp.o
#18 27.60 [ 16%] Building CXX object ggml/src/CMakeFiles/ggml-cpu-cannonlake.dir/ggml-cpu/ggml-cpu.cpp.o
#18 27.66 [ 17%] Linking CXX shared module ../../bin/libggml-cpu-piledriver.so
#18 27.68 [ 17%] Linking CXX shared module ../../bin/libggml-cpu-sse42.so
#18 27.75 [ 17%] Built target ggml-cpu-piledriver
#18 27.76 [ 18%] Building CXX object ggml/src/CMakeFiles/ggml-cpu-cannonlake.dir/ggml-cpu/repack.cpp.o
#18 27.76 [ 18%] Built target ggml-cpu-sse42
#18 27.77 [ 18%] Building CXX object ggml/src/CMakeFiles/ggml-cpu-ivybridge.dir/ggml-cpu/llamafile/sgemm.cpp.o
#18 27.96 [ 18%] Building C object ggml/src/CMakeFiles/ggml-cpu-ivybridge.dir/ggml-cpu/arch/x86/quants.c.o
#18 28.15 [ 18%] Building CXX object ggml/src/CMakeFiles/ggml-cpu-skylakex.dir/ggml-cpu/unary-ops.cpp.o
#18 28.20 [ 18%] Building C object ggml/src/CMakeFiles/ggml-cpu-cascadelake.dir/ggml-cpu/ggml-cpu.c.o
#18 28.31 [ 18%] Building CXX object ggml/src/CMakeFiles/ggml-cpu-ivybridge.dir/ggml-cpu/arch/x86/repack.cpp.o
#18 28.39 [ 18%] Building CXX object ggml/src/CMakeFiles/ggml-cpu-sandybridge.dir/ggml-cpu/llamafile/sgemm.cpp.o
#18 28.53 [ 18%] Building C object ggml/src/CMakeFiles/ggml-cpu-sandybridge.dir/ggml-cpu/arch/x86/quants.c.o
#18 28.70 [ 19%] Building CXX object ggml/src/CMakeFiles/ggml-cpu-cascadelake.dir/ggml-cpu/ggml-cpu.cpp.o
#18 28.88 [ 19%] Building CXX object ggml/src/CMakeFiles/ggml-cpu-sandybridge.dir/ggml-cpu/arch/x86/repack.cpp.o
#18 29.05 [ 19%] Building CXX object ggml/src/CMakeFiles/ggml-cpu-cascadelake.dir/ggml-cpu/repack.cpp.o
#18 29.11 [ 20%] Building C object ggml/src/CMakeFiles/ggml-cpu-icelake.dir/ggml-cpu/ggml-cpu.c.o
#18 29.14 [ 20%] Linking CXX shared module ../../bin/libggml-cpu-ivybridge.so
#18 29.22 [ 20%] Built target ggml-cpu-ivybridge
#18 29.23 [ 20%] Building C object ggml/src/CMakeFiles/ggml-cpu-cooperlake.dir/ggml-cpu/ggml-cpu.c.o
#18 29.55 [ 21%] Linking CXX shared module ../../bin/libggml-cpu-sandybridge.so
#18 29.60 [ 21%] Building CXX object ggml/src/CMakeFiles/ggml-cpu-icelake.dir/ggml-cpu/ggml-cpu.cpp.o
#18 29.63 [ 21%] Built target ggml-cpu-sandybridge
#18 29.64 [ 21%] Building C object ggml/src/CMakeFiles/ggml-cpu-zen4.dir/ggml-cpu/ggml-cpu.c.o
#18 29.78 [ 22%] Building CXX object ggml/src/CMakeFiles/ggml-cpu-cooperlake.dir/ggml-cpu/ggml-cpu.cpp.o
#18 29.86 [ 22%] Building CXX object ggml/src/CMakeFiles/ggml-cpu-skylakex.dir/ggml-cpu/vec.cpp.o
#18 29.93 [ 22%] Building CXX object ggml/src/ggml-sycl/CMakeFiles/ggml-sycl.dir/binbcast.cpp.o
#18 29.99 [ 22%] Building CXX object ggml/src/CMakeFiles/ggml-cpu-icelake.dir/ggml-cpu/repack.cpp.o
#18 30.15 [ 22%] Building CXX object ggml/src/CMakeFiles/ggml-cpu-cooperlake.dir/ggml-cpu/repack.cpp.o
#18 30.15 [ 22%] Building CXX object ggml/src/CMakeFiles/ggml-cpu-skylakex.dir/ggml-cpu/ops.cpp.o
#18 30.15 [ 22%] Building CXX object ggml/src/CMakeFiles/ggml-cpu-zen4.dir/ggml-cpu/ggml-cpu.cpp.o
#18 30.51 [ 22%] Building CXX object ggml/src/CMakeFiles/ggml-cpu-zen4.dir/ggml-cpu/repack.cpp.o
#18 32.25 [ 22%] Building CXX object ggml/src/CMakeFiles/ggml-cpu-cannonlake.dir/ggml-cpu/iqp.cpp.o
#18 32.76 [ 22%] Building CXX object ggml/src/CMakeFiles/ggml-cpu-cannonlake.dir/ggml-cpu/hbm.cpp.o
#18 32.79 [ 22%] Building C object ggml/src/CMakeFiles/ggml-cpu-cannonlake.dir/ggml-cpu/quants.c.o
#18 33.17 [ 22%] Building CXX object ggml/src/CMakeFiles/ggml-cpu-haswell.dir/ggml-cpu/llamafile/sgemm.cpp.o
#18 33.53 [ 22%] Building CXX object ggml/src/CMakeFiles/ggml-cpu-cascadelake.dir/ggml-cpu/iqp.cpp.o
#18 33.76 [ 22%] Building CXX object ggml/src/CMakeFiles/ggml-cpu-cannonlake.dir/ggml-cpu/traits.cpp.o
#18 33.98 [ 22%] Building CXX object ggml/src/CMakeFiles/ggml-cpu-cannonlake.dir/ggml-cpu/amx/amx.cpp.o
#18 33.99 [ 22%] Building CXX object ggml/src/CMakeFiles/ggml-cpu-cascadelake.dir/ggml-cpu/hbm.cpp.o
#18 34.01 [ 22%] Building C object ggml/src/CMakeFiles/ggml-cpu-cascadelake.dir/ggml-cpu/quants.c.o
#18 34.24 [ 22%] Building CXX object ggml/src/CMakeFiles/ggml-cpu-cannonlake.dir/ggml-cpu/amx/mmq.cpp.o
#18 34.48 [ 22%] Building CXX object ggml/src/CMakeFiles/ggml-cpu-icelake.dir/ggml-cpu/iqp.cpp.o
#18 34.51 [ 22%] Building CXX object ggml/src/CMakeFiles/ggml-cpu-cannonlake.dir/ggml-cpu/binary-ops.cpp.o
#18 34.72 [ 22%] Building CXX object ggml/src/CMakeFiles/ggml-cpu-cooperlake.dir/ggml-cpu/iqp.cpp.o
#18 34.92 [ 22%] Building CXX object ggml/src/CMakeFiles/ggml-cpu-icelake.dir/ggml-cpu/hbm.cpp.o
#18 34.94 [ 22%] Building C object ggml/src/CMakeFiles/ggml-cpu-icelake.dir/ggml-cpu/quants.c.o
#18 35.00 [ 22%] Building CXX object ggml/src/CMakeFiles/ggml-cpu-cascadelake.dir/ggml-cpu/traits.cpp.o
#18 35.05 [ 22%] Building C object ggml/src/CMakeFiles/ggml-cpu-haswell.dir/ggml-cpu/arch/x86/quants.c.o
#18 35.08 [ 22%] Building CXX object ggml/src/CMakeFiles/ggml-cpu-zen4.dir/ggml-cpu/iqp.cpp.o
#18 35.19 [ 22%] Building CXX object ggml/src/CMakeFiles/ggml-cpu-cooperlake.dir/ggml-cpu/hbm.cpp.o
#18 35.21 [ 22%] Building C object ggml/src/CMakeFiles/ggml-cpu-cooperlake.dir/ggml-cpu/quants.c.o
#18 35.22 [ 22%] Building CXX object ggml/src/CMakeFiles/ggml-cpu-cascadelake.dir/ggml-cpu/amx/amx.cpp.o
#18 35.40 [ 22%] Building CXX object ggml/src/CMakeFiles/ggml-cpu-haswell.dir/ggml-cpu/arch/x86/repack.cpp.o
#18 35.46 [ 22%] Building CXX object ggml/src/CMakeFiles/ggml-cpu-cascadelake.dir/ggml-cpu/amx/mmq.cpp.o
#18 35.54 [ 23%] Building CXX object ggml/src/CMakeFiles/ggml-cpu-cannonlake.dir/ggml-cpu/unary-ops.cpp.o
#18 35.54 [ 23%] Building CXX object ggml/src/CMakeFiles/ggml-cpu-zen4.dir/ggml-cpu/hbm.cpp.o
#18 35.56 [ 24%] Building C object ggml/src/CMakeFiles/ggml-cpu-zen4.dir/ggml-cpu/quants.c.o
#18 35.69 [ 24%] Building CXX object ggml/src/CMakeFiles/ggml-cpu-cascadelake.dir/ggml-cpu/binary-ops.cpp.o
#18 35.88 [ 24%] Building CXX object ggml/src/CMakeFiles/ggml-cpu-icelake.dir/ggml-cpu/traits.cpp.o
#18 36.09 [ 24%] Building CXX object ggml/src/CMakeFiles/ggml-cpu-icelake.dir/ggml-cpu/amx/amx.cpp.o
#18 36.12 [ 24%] Linking CXX shared module ../../bin/libggml-cpu-haswell.so
#18 36.19 [ 24%] Building CXX object ggml/src/CMakeFiles/ggml-cpu-cooperlake.dir/ggml-cpu/traits.cpp.o
#18 36.21 [ 24%] Built target ggml-cpu-haswell
#18 36.22 [ 24%] Building C object ggml/src/CMakeFiles/ggml-cpu-alderlake.dir/ggml-cpu/ggml-cpu.c.o
#18 36.30 [ 24%] Building CXX object ggml/src/CMakeFiles/ggml-cpu-skylakex.dir/ggml-cpu/llamafile/sgemm.cpp.o
#18 36.33 [ 24%] Building CXX object ggml/src/CMakeFiles/ggml-cpu-icelake.dir/ggml-cpu/amx/mmq.cpp.o
#18 36.40 [ 24%] Building CXX object ggml/src/CMakeFiles/ggml-cpu-cooperlake.dir/ggml-cpu/amx/amx.cpp.o
#18 36.50 [ 24%] Building CXX object ggml/src/CMakeFiles/ggml-cpu-zen4.dir/ggml-cpu/traits.cpp.o
#18 36.57 [ 25%] Building CXX object ggml/src/CMakeFiles/ggml-cpu-icelake.dir/ggml-cpu/binary-ops.cpp.o
#18 36.65 [ 25%] Building CXX object ggml/src/CMakeFiles/ggml-cpu-cooperlake.dir/ggml-cpu/amx/mmq.cpp.o
#18 36.71 [ 25%] Building CXX object ggml/src/CMakeFiles/ggml-cpu-alderlake.dir/ggml-cpu/ggml-cpu.cpp.o
#18 36.72 [ 25%] Building CXX object ggml/src/CMakeFiles/ggml-cpu-zen4.dir/ggml-cpu/amx/amx.cpp.o
#18 36.74 [ 26%] Building CXX object ggml/src/CMakeFiles/ggml-cpu-cascadelake.dir/ggml-cpu/unary-ops.cpp.o
#18 36.90 [ 27%] Building CXX object ggml/src/CMakeFiles/ggml-cpu-cooperlake.dir/ggml-cpu/binary-ops.cpp.o
#18 36.96 [ 27%] Building CXX object ggml/src/CMakeFiles/ggml-cpu-zen4.dir/ggml-cpu/amx/mmq.cpp.o
#18 37.09 [ 28%] Building CXX object ggml/src/CMakeFiles/ggml-cpu-alderlake.dir/ggml-cpu/repack.cpp.o
#18 37.21 [ 28%] Building CXX object ggml/src/CMakeFiles/ggml-cpu-zen4.dir/ggml-cpu/binary-ops.cpp.o
#18 37.32 [ 28%] Building CXX object ggml/src/CMakeFiles/ggml-cpu-cannonlake.dir/ggml-cpu/vec.cpp.o
#18 37.58 [ 28%] Building CXX object ggml/src/CMakeFiles/ggml-cpu-icelake.dir/ggml-cpu/unary-ops.cpp.o
#18 37.62 [ 28%] Building CXX object ggml/src/CMakeFiles/ggml-cpu-cannonlake.dir/ggml-cpu/ops.cpp.o
#18 37.93 [ 28%] Building CXX object ggml/src/CMakeFiles/ggml-cpu-cooperlake.dir/ggml-cpu/unary-ops.cpp.o
#18 38.23 [ 28%] Building CXX object ggml/src/CMakeFiles/ggml-cpu-zen4.dir/ggml-cpu/unary-ops.cpp.o
#18 38.47 [ 28%] Building CXX object ggml/src/CMakeFiles/ggml-cpu-cascadelake.dir/ggml-cpu/vec.cpp.o
#18 38.76 [ 28%] Building CXX object ggml/src/CMakeFiles/ggml-cpu-cascadelake.dir/ggml-cpu/ops.cpp.o
#18 39.30 [ 28%] Building CXX object ggml/src/CMakeFiles/ggml-cpu-icelake.dir/ggml-cpu/vec.cpp.o
#18 39.37 [ 28%] Building CXX object ggml/src/ggml-sycl/CMakeFiles/ggml-sycl.dir/col2im-1d.cpp.o
#18 39.60 [ 28%] Building CXX object ggml/src/CMakeFiles/ggml-cpu-icelake.dir/ggml-cpu/ops.cpp.o
#18 39.67 [ 28%] Building CXX object ggml/src/CMakeFiles/ggml-cpu-cooperlake.dir/ggml-cpu/vec.cpp.o
#18 39.94 [ 28%] Building CXX object ggml/src/CMakeFiles/ggml-cpu-zen4.dir/ggml-cpu/vec.cpp.o
#18 39.95 [ 28%] Building CXX object ggml/src/CMakeFiles/ggml-cpu-cooperlake.dir/ggml-cpu/ops.cpp.o
#18 40.13 [ 28%] Building C object ggml/src/CMakeFiles/ggml-cpu-skylakex.dir/ggml-cpu/arch/x86/quants.c.o
#18 40.23 [ 28%] Building CXX object ggml/src/CMakeFiles/ggml-cpu-zen4.dir/ggml-cpu/ops.cpp.o
#18 40.49 [ 29%] Building CXX object ggml/src/CMakeFiles/ggml-cpu-skylakex.dir/ggml-cpu/arch/x86/repack.cpp.o
#18 41.49 [ 29%] Building CXX object ggml/src/CMakeFiles/ggml-cpu-alderlake.dir/ggml-cpu/iqp.cpp.o
#18 41.81 [ 29%] Linking CXX shared module ../../bin/libggml-cpu-skylakex.so
#18 41.91 [ 29%] Built target ggml-cpu-skylakex
#18 41.92 [ 29%] Building C object ggml/src/CMakeFiles/ggml-cpu-sapphirerapids.dir/ggml-cpu/ggml-cpu.c.o
#18 41.93 [ 29%] Building CXX object ggml/src/CMakeFiles/ggml-cpu-alderlake.dir/ggml-cpu/hbm.cpp.o
#18 41.94 [ 29%] Building C object ggml/src/CMakeFiles/ggml-cpu-alderlake.dir/ggml-cpu/quants.c.o
#18 42.41 [ 29%] Building CXX object ggml/src/CMakeFiles/ggml-cpu-sapphirerapids.dir/ggml-cpu/ggml-cpu.cpp.o
#18 42.76 [ 29%] Building CXX object ggml/src/CMakeFiles/ggml-cpu-sapphirerapids.dir/ggml-cpu/repack.cpp.o
#18 42.89 [ 29%] Building CXX object ggml/src/CMakeFiles/ggml-cpu-alderlake.dir/ggml-cpu/traits.cpp.o
#18 43.10 [ 29%] Building CXX object ggml/src/CMakeFiles/ggml-cpu-alderlake.dir/ggml-cpu/amx/amx.cpp.o
#18 43.34 [ 29%] Building CXX object ggml/src/CMakeFiles/ggml-cpu-alderlake.dir/ggml-cpu/amx/mmq.cpp.o
#18 43.58 [ 29%] Building CXX object ggml/src/CMakeFiles/ggml-cpu-alderlake.dir/ggml-cpu/binary-ops.cpp.o
#18 43.67 [ 29%] Building CXX object ggml/src/CMakeFiles/ggml-cpu-cannonlake.dir/ggml-cpu/llamafile/sgemm.cpp.o
#18 44.45 [ 30%] Building CXX object ggml/src/ggml-sycl/CMakeFiles/ggml-sycl.dir/common.cpp.o
#18 44.65 [ 30%] Building CXX object ggml/src/CMakeFiles/ggml-cpu-alderlake.dir/ggml-cpu/unary-ops.cpp.o
#18 44.86 [ 30%] Building CXX object ggml/src/CMakeFiles/ggml-cpu-cascadelake.dir/ggml-cpu/llamafile/sgemm.cpp.o
#18 45.53 [ 30%] Building CXX object ggml/src/CMakeFiles/ggml-cpu-icelake.dir/ggml-cpu/llamafile/sgemm.cpp.o
#18 46.05 [ 30%] Building CXX object ggml/src/CMakeFiles/ggml-cpu-cooperlake.dir/ggml-cpu/llamafile/sgemm.cpp.o
#18 46.20 [ 30%] Building CXX object ggml/src/CMakeFiles/ggml-cpu-zen4.dir/ggml-cpu/llamafile/sgemm.cpp.o
#18 46.50 [ 31%] Building CXX object ggml/src/CMakeFiles/ggml-cpu-alderlake.dir/ggml-cpu/vec.cpp.o
#18 46.79 [ 31%] Building CXX object ggml/src/CMakeFiles/ggml-cpu-alderlake.dir/ggml-cpu/ops.cpp.o
#18 47.20 [ 31%] Building CXX object ggml/src/CMakeFiles/ggml-cpu-sapphirerapids.dir/ggml-cpu/iqp.cpp.o
#18 47.56 [ 31%] Building C object ggml/src/CMakeFiles/ggml-cpu-cannonlake.dir/ggml-cpu/arch/x86/quants.c.o
#18 47.65 [ 31%] Building CXX object ggml/src/CMakeFiles/ggml-cpu-sapphirerapids.dir/ggml-cpu/hbm.cpp.o
#18 47.67 [ 31%] Building C object ggml/src/CMakeFiles/ggml-cpu-sapphirerapids.dir/ggml-cpu/quants.c.o
#18 47.92 [ 31%] Building CXX object ggml/src/CMakeFiles/ggml-cpu-cannonlake.dir/ggml-cpu/arch/x86/repack.cpp.o
#18 48.66 [ 31%] Building CXX object ggml/src/CMakeFiles/ggml-cpu-sapphirerapids.dir/ggml-cpu/traits.cpp.o
#18 48.74 [ 31%] Building C object ggml/src/CMakeFiles/ggml-cpu-cascadelake.dir/ggml-cpu/arch/x86/quants.c.o
#18 48.88 [ 32%] Building CXX object ggml/src/CMakeFiles/ggml-cpu-sapphirerapids.dir/ggml-cpu/amx/amx.cpp.o
#18 49.12 [ 32%] Building CXX object ggml/src/CMakeFiles/ggml-cpu-cascadelake.dir/ggml-cpu/arch/x86/repack.cpp.o
#18 49.14 [ 32%] Building CXX object ggml/src/CMakeFiles/ggml-cpu-sapphirerapids.dir/ggml-cpu/amx/mmq.cpp.o
#18 49.21 [ 32%] Linking CXX shared module ../../bin/libggml-cpu-cannonlake.so
#18 49.31 [ 32%] Built target ggml-cpu-cannonlake
#18 49.31 [ 32%] Building CXX object ggml/src/CMakeFiles/ggml-cpu-alderlake.dir/ggml-cpu/llamafile/sgemm.cpp.o
#18 49.31 [ 32%] Building C object ggml/src/CMakeFiles/ggml-cpu-icelake.dir/ggml-cpu/arch/x86/quants.c.o
#18 49.39 [ 32%] Building CXX object ggml/src/ggml-sycl/CMakeFiles/ggml-sycl.dir/concat.cpp.o
#18 49.68 [ 32%] Building CXX object ggml/src/CMakeFiles/ggml-cpu-icelake.dir/ggml-cpu/arch/x86/repack.cpp.o
#18 49.91 [ 32%] Building C object ggml/src/CMakeFiles/ggml-cpu-cooperlake.dir/ggml-cpu/arch/x86/quants.c.o
#18 50.06 [ 33%] Building C object ggml/src/CMakeFiles/ggml-cpu-zen4.dir/ggml-cpu/arch/x86/quants.c.o
#18 50.28 [ 33%] Building CXX object ggml/src/CMakeFiles/ggml-cpu-cooperlake.dir/ggml-cpu/arch/x86/repack.cpp.o
#18 50.42 [ 33%] Linking CXX shared module ../../bin/libggml-cpu-cascadelake.so
#18 50.44 [ 33%] Building CXX object ggml/src/CMakeFiles/ggml-cpu-zen4.dir/ggml-cpu/arch/x86/repack.cpp.o
#18 50.50 [ 33%] Built target ggml-cpu-cascadelake
#18 50.51 [ 33%] Building CXX object ggml/src/ggml-sycl/CMakeFiles/ggml-sycl.dir/conv.cpp.o
#18 50.98 [ 33%] Linking CXX shared module ../../bin/libggml-cpu-icelake.so
#18 51.12 [ 33%] Built target ggml-cpu-icelake
#18 51.12 [ 33%] Building CXX object ggml/src/ggml-sycl/CMakeFiles/ggml-sycl.dir/conv2d-dw.cpp.o
#18 51.17 [ 33%] Building C object ggml/src/CMakeFiles/ggml-cpu-alderlake.dir/ggml-cpu/arch/x86/quants.c.o
#18 51.53 [ 33%] Building CXX object ggml/src/CMakeFiles/ggml-cpu-alderlake.dir/ggml-cpu/arch/x86/repack.cpp.o
#18 51.66 [ 33%] Linking CXX shared module ../../bin/libggml-cpu-cooperlake.so
#18 51.75 [ 33%] Built target ggml-cpu-cooperlake
#18 51.76 [ 33%] Building CXX object ggml/src/CMakeFiles/ggml-cpu-sapphirerapids.dir/ggml-cpu/binary-ops.cpp.o
#18 51.84 [ 33%] Linking CXX shared module ../../bin/libggml-cpu-zen4.so
#18 51.92 [ 33%] Built target ggml-cpu-zen4
#18 51.93 [ 33%] Building CXX object ggml/src/CMakeFiles/ggml-cpu-sapphirerapids.dir/ggml-cpu/unary-ops.cpp.o
#18 52.25 [ 33%] Building CXX object ggml/src/CMakeFiles/ggml-cpu-sapphirerapids.dir/ggml-cpu/vec.cpp.o
#18 52.54 [ 33%] Building CXX object ggml/src/CMakeFiles/ggml-cpu-sapphirerapids.dir/ggml-cpu/ops.cpp.o
#18 52.78 [ 33%] Building CXX object ggml/src/CMakeFiles/ggml-cpu-sapphirerapids.dir/ggml-cpu/llamafile/sgemm.cpp.o
#18 52.91 [ 33%] Linking CXX shared module ../../bin/libggml-cpu-alderlake.so
#18 52.99 [ 33%] Built target ggml-cpu-alderlake
#18 53.00 [ 33%] Building C object ggml/src/CMakeFiles/ggml-cpu-sapphirerapids.dir/ggml-cpu/arch/x86/quants.c.o
#18 53.37 [ 34%] Building CXX object ggml/src/CMakeFiles/ggml-cpu-sapphirerapids.dir/ggml-cpu/arch/x86/repack.cpp.o
#18 53.55 [ 34%] Building CXX object ggml/src/ggml-sycl/CMakeFiles/ggml-sycl.dir/conv2d-transpose.cpp.o
#18 53.69 [ 34%] Building CXX object ggml/src/ggml-sycl/CMakeFiles/ggml-sycl.dir/conv2d.cpp.o
#18 54.70 [ 34%] Building CXX object ggml/src/ggml-sycl/CMakeFiles/ggml-sycl.dir/conv3d.cpp.o
#18 55.47 [ 34%] Building CXX object ggml/src/ggml-sycl/CMakeFiles/ggml-sycl.dir/convert.cpp.o
#18 55.97 [ 34%] Building CXX object ggml/src/ggml-sycl/CMakeFiles/ggml-sycl.dir/count-equal.cpp.o
#18 56.13 [ 35%] Building CXX object ggml/src/ggml-sycl/CMakeFiles/ggml-sycl.dir/cpy.cpp.o
#18 56.52 [ 35%] Building CXX object ggml/src/ggml-sycl/CMakeFiles/ggml-sycl.dir/cross_entropy_loss.cpp.o
#18 58.48 [ 35%] Building CXX object ggml/src/ggml-sycl/CMakeFiles/ggml-sycl.dir/cumsum.cpp.o
#18 58.65 [ 35%] Building CXX object ggml/src/ggml-sycl/CMakeFiles/ggml-sycl.dir/diag.cpp.o
#18 58.68 [ 35%] Linking CXX shared module ../../bin/libggml-cpu-sapphirerapids.so
#18 58.76 [ 35%] Built target ggml-cpu-sapphirerapids
#18 58.76 [ 35%] Building CXX object ggml/src/ggml-sycl/CMakeFiles/ggml-sycl.dir/dmmv.cpp.o
#18 59.74 [ 35%] Building CXX object ggml/src/ggml-sycl/CMakeFiles/ggml-sycl.dir/dsv4-hc.cpp.o
#18 60.83 [ 35%] Building CXX object ggml/src/ggml-sycl/CMakeFiles/ggml-sycl.dir/element_wise.cpp.o
#18 61.57 [ 35%] Building CXX object ggml/src/ggml-sycl/CMakeFiles/ggml-sycl.dir/fattn-buffers.cpp.o
#18 62.66 [ 35%] Building CXX object ggml/src/ggml-sycl/CMakeFiles/ggml-sycl.dir/fattn-mkl.cpp.o
#18 63.42 [ 36%] Building CXX object ggml/src/ggml-sycl/CMakeFiles/ggml-sycl.dir/fattn-onednn.cpp.o
#18 63.58 [ 36%] Building CXX object ggml/src/ggml-sycl/CMakeFiles/ggml-sycl.dir/fattn-tile.cpp.o
#18 64.03 [ 36%] Building CXX object ggml/src/ggml-sycl/CMakeFiles/ggml-sycl.dir/fattn.cpp.o
#18 64.71 [ 36%] Building CXX object ggml/src/ggml-sycl/CMakeFiles/ggml-sycl.dir/fill.cpp.o
#18 65.66 [ 36%] Building CXX object ggml/src/ggml-sycl/CMakeFiles/ggml-sycl.dir/fusion.cpp.o
#18 67.89 [ 36%] Building CXX object ggml/src/ggml-sycl/CMakeFiles/ggml-sycl.dir/fwht.cpp.o
#18 68.23 [ 36%] Building CXX object ggml/src/ggml-sycl/CMakeFiles/ggml-sycl.dir/gated_delta_net.cpp.o
#18 68.81 [ 36%] Building CXX object ggml/src/ggml-sycl/CMakeFiles/ggml-sycl.dir/getrows.cpp.o
#18 69.56 [ 36%] Building CXX object ggml/src/ggml-sycl/CMakeFiles/ggml-sycl.dir/gla.cpp.o
#18 69.58 [ 37%] Building CXX object ggml/src/ggml-sycl/CMakeFiles/ggml-sycl.dir/im2col.cpp.o
#18 69.83 [ 37%] Building CXX object ggml/src/ggml-sycl/CMakeFiles/ggml-sycl.dir/lightning-indexer.cpp.o
#18 70.30 [ 37%] Building CXX object ggml/src/ggml-sycl/CMakeFiles/ggml-sycl.dir/mem.cpp.o
#18 72.33 [ 37%] Building CXX object ggml/src/ggml-sycl/CMakeFiles/ggml-sycl.dir/memtrace.cpp.o
#18 72.99 [ 37%] Building CXX object ggml/src/ggml-sycl/CMakeFiles/ggml-sycl.dir/mmq.cpp.o
#18 73.60 [ 37%] Building CXX object ggml/src/ggml-sycl/CMakeFiles/ggml-sycl.dir/mmvq.cpp.o
#18 73.71 [ 37%] Building CXX object ggml/src/ggml-sycl/CMakeFiles/ggml-sycl.dir/moe-cache.cpp.o
#18 74.58 [ 37%] Building CXX object ggml/src/ggml-sycl/CMakeFiles/ggml-sycl.dir/norm.cpp.o
#18 74.61 [ 38%] Building CXX object ggml/src/ggml-sycl/CMakeFiles/ggml-sycl.dir/opt-step.cpp.o
#18 74.88 [ 38%] Building CXX object ggml/src/ggml-sycl/CMakeFiles/ggml-sycl.dir/outprod.cpp.o
#18 74.99 [ 38%] Building CXX object ggml/src/ggml-sycl/CMakeFiles/ggml-sycl.dir/pad.cpp.o
#18 76.62 [ 38%] Building CXX object ggml/src/ggml-sycl/CMakeFiles/ggml-sycl.dir/pad_reflect_1d.cpp.o
#18 79.01 [ 38%] Building CXX object ggml/src/ggml-sycl/CMakeFiles/ggml-sycl.dir/pool.cpp.o
#18 79.56 [ 38%] Building CXX object ggml/src/ggml-sycl/CMakeFiles/ggml-sycl.dir/repeat_back.cpp.o
#18 79.80 [ 38%] Building CXX object ggml/src/ggml-sycl/CMakeFiles/ggml-sycl.dir/roll.cpp.o
#18 79.84 [ 38%] Building CXX object ggml/src/ggml-sycl/CMakeFiles/ggml-sycl.dir/rope.cpp.o
#18 79.94 [ 38%] Building CXX object ggml/src/ggml-sycl/CMakeFiles/ggml-sycl.dir/set.cpp.o
#18 80.32 [ 39%] Building CXX object ggml/src/ggml-sycl/CMakeFiles/ggml-sycl.dir/set_rows.cpp.o
#18 81.55 [ 39%] Building CXX object ggml/src/ggml-sycl/CMakeFiles/ggml-sycl.dir/softmax.cpp.o
#18 84.27 [ 39%] Building CXX object ggml/src/ggml-sycl/CMakeFiles/ggml-sycl.dir/solve_tri.cpp.o
#18 84.54 [ 39%] Building CXX object ggml/src/ggml-sycl/CMakeFiles/ggml-sycl.dir/ssm_conv.cpp.o
#18 84.90 [ 39%] Building CXX object ggml/src/ggml-sycl/CMakeFiles/ggml-sycl.dir/ssm_scan.cpp.o
#18 85.25 [ 39%] Building CXX object ggml/src/ggml-sycl/CMakeFiles/ggml-sycl.dir/sycl_hw.cpp.o
#18 86.51 [ 39%] Building CXX object ggml/src/ggml-sycl/CMakeFiles/ggml-sycl.dir/topk-moe.cpp.o
#18 87.79 [ 39%] Building CXX object ggml/src/ggml-sycl/CMakeFiles/ggml-sycl.dir/tsembd.cpp.o
#18 87.95 [ 39%] Building CXX object ggml/src/ggml-sycl/CMakeFiles/ggml-sycl.dir/upscale.cpp.o
#18 90.10 [ 40%] Building CXX object ggml/src/ggml-sycl/CMakeFiles/ggml-sycl.dir/wkv.cpp.o
#18 90.27 [ 40%] Building CXX object ggml/src/ggml-sycl/CMakeFiles/ggml-sycl.dir/template-instances/fattn-tile-instance-dkq112-dv112.cpp.o
#18 90.84 [ 40%] Building CXX object ggml/src/ggml-sycl/CMakeFiles/ggml-sycl.dir/template-instances/fattn-tile-instance-dkq128-dv128.cpp.o
#18 90.87 [ 40%] Building CXX object ggml/src/ggml-sycl/CMakeFiles/ggml-sycl.dir/template-instances/fattn-tile-instance-dkq256-dv256.cpp.o
#18 91.92 [ 40%] Building CXX object ggml/src/ggml-sycl/CMakeFiles/ggml-sycl.dir/template-instances/fattn-tile-instance-dkq40-dv40.cpp.o
#18 93.14 [ 40%] Building CXX object ggml/src/ggml-sycl/CMakeFiles/ggml-sycl.dir/template-instances/fattn-tile-instance-dkq512-dv512.cpp.o
#18 93.31 [ 40%] Building CXX object ggml/src/ggml-sycl/CMakeFiles/ggml-sycl.dir/template-instances/fattn-tile-instance-dkq576-dv512.cpp.o
#18 93.80 [ 40%] Building CXX object ggml/src/ggml-sycl/CMakeFiles/ggml-sycl.dir/template-instances/fattn-tile-instance-dkq64-dv64.cpp.o
#18 96.42 [ 40%] Building CXX object ggml/src/ggml-sycl/CMakeFiles/ggml-sycl.dir/template-instances/fattn-tile-instance-dkq72-dv72.cpp.o
#18 101.2 [ 41%] Building CXX object ggml/src/ggml-sycl/CMakeFiles/ggml-sycl.dir/template-instances/fattn-tile-instance-dkq80-dv80.cpp.o
#18 104.2 [ 41%] Building CXX object ggml/src/ggml-sycl/CMakeFiles/ggml-sycl.dir/template-instances/fattn-tile-instance-dkq96-dv96.cpp.o
#18 105.4 [ 41%] Building CXX object ggml/src/ggml-sycl/CMakeFiles/ggml-sycl.dir/template-instances/fattn-vec-instance-f16-f16.cpp.o
#18 106.8 [ 41%] Building CXX object ggml/src/ggml-sycl/CMakeFiles/ggml-sycl.dir/template-instances/fattn-vec-instance-f16-q4_0.cpp.o
#18 107.3 [ 41%] Building CXX object ggml/src/ggml-sycl/CMakeFiles/ggml-sycl.dir/template-instances/fattn-vec-instance-f16-q4_1.cpp.o
#18 107.7 [ 41%] Building CXX object ggml/src/ggml-sycl/CMakeFiles/ggml-sycl.dir/template-instances/fattn-vec-instance-f16-q5_0.cpp.o
#18 108.5 [ 41%] Building CXX object ggml/src/ggml-sycl/CMakeFiles/ggml-sycl.dir/template-instances/fattn-vec-instance-f16-q5_1.cpp.o
#18 111.0 [ 41%] Building CXX object ggml/src/ggml-sycl/CMakeFiles/ggml-sycl.dir/template-instances/fattn-vec-instance-f16-q8_0.cpp.o
#18 115.0 [ 41%] Building CXX object ggml/src/ggml-sycl/CMakeFiles/ggml-sycl.dir/template-instances/fattn-vec-instance-q4_0-f16.cpp.o
#18 117.2 [ 42%] Building CXX object ggml/src/ggml-sycl/CMakeFiles/ggml-sycl.dir/template-instances/fattn-vec-instance-q4_0-q4_0.cpp.o
#18 117.3 [ 42%] Building CXX object ggml/src/ggml-sycl/CMakeFiles/ggml-sycl.dir/template-instances/fattn-vec-instance-q4_0-q4_1.cpp.o
#18 118.1 [ 42%] Building CXX object ggml/src/ggml-sycl/CMakeFiles/ggml-sycl.dir/template-instances/fattn-vec-instance-q4_0-q5_0.cpp.o
#18 118.6 [ 42%] Building CXX object ggml/src/ggml-sycl/CMakeFiles/ggml-sycl.dir/template-instances/fattn-vec-instance-q4_0-q5_1.cpp.o
#18 119.0 [ 42%] Building CXX object ggml/src/ggml-sycl/CMakeFiles/ggml-sycl.dir/template-instances/fattn-vec-instance-q4_0-q8_0.cpp.o
#18 119.7 [ 42%] Building CXX object ggml/src/ggml-sycl/CMakeFiles/ggml-sycl.dir/template-instances/fattn-vec-instance-q4_1-f16.cpp.o
#18 122.1 [ 42%] Building CXX object ggml/src/ggml-sycl/CMakeFiles/ggml-sycl.dir/template-instances/fattn-vec-instance-q4_1-q4_0.cpp.o
#18 126.1 [ 42%] Building CXX object ggml/src/ggml-sycl/CMakeFiles/ggml-sycl.dir/template-instances/fattn-vec-instance-q4_1-q4_1.cpp.o
#18 128.4 [ 43%] Building CXX object ggml/src/ggml-sycl/CMakeFiles/ggml-sycl.dir/template-instances/fattn-vec-instance-q4_1-q5_0.cpp.o
#18 128.6 [ 43%] Building CXX object ggml/src/ggml-sycl/CMakeFiles/ggml-sycl.dir/template-instances/fattn-vec-instance-q4_1-q5_1.cpp.o
#18 128.9 [ 43%] Building CXX object ggml/src/ggml-sycl/CMakeFiles/ggml-sycl.dir/template-instances/fattn-vec-instance-q4_1-q8_0.cpp.o
#18 129.4 [ 43%] Building CXX object ggml/src/ggml-sycl/CMakeFiles/ggml-sycl.dir/template-instances/fattn-vec-instance-q5_0-f16.cpp.o
#18 130.2 [ 43%] Building CXX object ggml/src/ggml-sycl/CMakeFiles/ggml-sycl.dir/template-instances/fattn-vec-instance-q5_0-q4_0.cpp.o
#18 131.0 [ 43%] Building CXX object ggml/src/ggml-sycl/CMakeFiles/ggml-sycl.dir/template-instances/fattn-vec-instance-q5_0-q4_1.cpp.o
#18 133.0 [ 43%] Building CXX object ggml/src/ggml-sycl/CMakeFiles/ggml-sycl.dir/template-instances/fattn-vec-instance-q5_0-q5_0.cpp.o
#18 137.0 [ 43%] Building CXX object ggml/src/ggml-sycl/CMakeFiles/ggml-sycl.dir/template-instances/fattn-vec-instance-q5_0-q5_1.cpp.o
#18 139.6 [ 43%] Building CXX object ggml/src/ggml-sycl/CMakeFiles/ggml-sycl.dir/template-instances/fattn-vec-instance-q5_0-q8_0.cpp.o
#18 139.7 [ 44%] Building CXX object ggml/src/ggml-sycl/CMakeFiles/ggml-sycl.dir/template-instances/fattn-vec-instance-q5_1-f16.cpp.o
#18 140.1 [ 44%] Building CXX object ggml/src/ggml-sycl/CMakeFiles/ggml-sycl.dir/template-instances/fattn-vec-instance-q5_1-q4_0.cpp.o
#18 140.7 [ 44%] Building CXX object ggml/src/ggml-sycl/CMakeFiles/ggml-sycl.dir/template-instances/fattn-vec-instance-q5_1-q4_1.cpp.o
#18 141.3 [ 44%] Building CXX object ggml/src/ggml-sycl/CMakeFiles/ggml-sycl.dir/template-instances/fattn-vec-instance-q5_1-q5_0.cpp.o
#18 142.4 [ 44%] Building CXX object ggml/src/ggml-sycl/CMakeFiles/ggml-sycl.dir/template-instances/fattn-vec-instance-q5_1-q5_1.cpp.o
#18 143.9 [ 44%] Building CXX object ggml/src/ggml-sycl/CMakeFiles/ggml-sycl.dir/template-instances/fattn-vec-instance-q5_1-q8_0.cpp.o
#18 148.3 [ 44%] Building CXX object ggml/src/ggml-sycl/CMakeFiles/ggml-sycl.dir/template-instances/fattn-vec-instance-q8_0-f16.cpp.o
#18 150.6 [ 44%] Building CXX object ggml/src/ggml-sycl/CMakeFiles/ggml-sycl.dir/template-instances/fattn-vec-instance-q8_0-q4_0.cpp.o
#18 150.9 [ 44%] Building CXX object ggml/src/ggml-sycl/CMakeFiles/ggml-sycl.dir/template-instances/fattn-vec-instance-q8_0-q4_1.cpp.o
#18 151.5 [ 45%] Building CXX object ggml/src/ggml-sycl/CMakeFiles/ggml-sycl.dir/template-instances/fattn-vec-instance-q8_0-q5_0.cpp.o
#18 152.1 [ 45%] Building CXX object ggml/src/ggml-sycl/CMakeFiles/ggml-sycl.dir/template-instances/fattn-vec-instance-q8_0-q5_1.cpp.o
#18 152.6 [ 45%] Building CXX object ggml/src/ggml-sycl/CMakeFiles/ggml-sycl.dir/template-instances/fattn-vec-instance-q8_0-q8_0.cpp.o
#18 163.6 [ 45%] Linking CXX shared module ../../../bin/libggml-sycl.so
#18 177.8 [ 45%] Built target ggml-sycl
#18 177.8 [ 45%] Building CXX object ggml/src/CMakeFiles/ggml.dir/ggml-backend-reg.cpp.o
#18 177.8 [ 45%] Building CXX object ggml/src/CMakeFiles/ggml.dir/ggml-backend-dl.cpp.o
#18 178.3 [ 45%] Linking CXX shared library ../../bin/libggml.so
#18 178.4 [ 45%] Built target ggml
#18 178.4 [ 45%] Building CXX object examples/gguf-hash/CMakeFiles/llama-gguf-hash.dir/gguf-hash.cpp.o
#18 178.4 [ 45%] Building CXX object examples/gguf/CMakeFiles/llama-gguf.dir/gguf.cpp.o
#18 178.4 [ 46%] Building CXX object src/CMakeFiles/llama.dir/llama-batch.cpp.o
#18 178.4 [ 46%] Building CXX object src/CMakeFiles/llama.dir/llama-arch.cpp.o
#18 178.4 [ 46%] Building CXX object src/CMakeFiles/llama.dir/llama-chat.cpp.o
#18 178.4 [ 46%] Building CXX object src/CMakeFiles/llama.dir/llama-adapter.cpp.o
#18 178.4 [ 46%] Building CXX object src/CMakeFiles/llama.dir/llama.cpp.o
#18 178.4 [ 46%] Building CXX object src/CMakeFiles/llama.dir/llama-context.cpp.o
#18 178.6 [ 47%] Linking CXX executable ../../bin/llama-gguf
#18 178.7 [ 47%] Linking CXX executable ../../bin/llama-gguf-hash
#18 178.7 [ 47%] Built target llama-gguf
#18 178.7 [ 47%] Building CXX object src/CMakeFiles/llama.dir/llama-cparams.cpp.o
#18 178.7 [ 47%] Built target llama-gguf-hash
#18 178.8 [ 47%] Building CXX object src/CMakeFiles/llama.dir/llama-grammar.cpp.o
#18 178.8 [ 47%] Building CXX object src/CMakeFiles/llama.dir/llama-graph.cpp.o
#18 178.8 [ 47%] Building CXX object src/CMakeFiles/llama.dir/llama-hparams.cpp.o
#18 179.0 [ 47%] Building CXX object src/CMakeFiles/llama.dir/llama-impl.cpp.o
#18 179.0 [ 48%] Building CXX object src/CMakeFiles/llama.dir/llama-io.cpp.o
#18 179.1 [ 48%] Building CXX object src/CMakeFiles/llama.dir/llama-kv-cache.cpp.o
#18 179.1 [ 48%] Building CXX object src/CMakeFiles/llama.dir/llama-kv-cache-iswa.cpp.o
#18 179.3 [ 48%] Building CXX object src/CMakeFiles/llama.dir/llama-kv-cache-dsa.cpp.o
#18 179.3 [ 48%] Building CXX object src/CMakeFiles/llama.dir/llama-kv-cache-dsa-iswa.cpp.o
#18 179.4 [ 48%] Building CXX object src/CMakeFiles/llama.dir/llama-kv-cache-msa.cpp.o
#18 179.7 [ 48%] Building CXX object src/CMakeFiles/llama.dir/llama-kv-cache-dsv4.cpp.o
#18 179.8 [ 48%] Building CXX object src/CMakeFiles/llama.dir/llama-memory.cpp.o
#18 179.9 [ 48%] Building CXX object src/CMakeFiles/llama.dir/llama-memory-hybrid.cpp.o
#18 180.0 [ 49%] Building CXX object src/CMakeFiles/llama.dir/llama-memory-hybrid-iswa.cpp.o
#18 180.1 [ 49%] Building CXX object src/CMakeFiles/llama.dir/llama-memory-hybrid-idx.cpp.o
#18 180.2 [ 49%] Building CXX object src/CMakeFiles/llama.dir/llama-memory-recurrent.cpp.o
#18 180.5 [ 49%] Building CXX object src/CMakeFiles/llama.dir/llama-mmap.cpp.o
#18 180.6 [ 49%] Building CXX object src/CMakeFiles/llama.dir/llama-model-loader.cpp.o
#18 180.7 [ 49%] Building CXX object src/CMakeFiles/llama.dir/llama-model-saver.cpp.o
#18 180.8 [ 49%] Building CXX object src/CMakeFiles/llama.dir/llama-model.cpp.o
#18 181.0 [ 49%] Building CXX object src/CMakeFiles/llama.dir/llama-quant.cpp.o
#18 181.1 [ 49%] Building CXX object src/CMakeFiles/llama.dir/llama-sampler.cpp.o
#18 181.3 [ 50%] Building CXX object src/CMakeFiles/llama.dir/llama-vocab.cpp.o
#18 181.8 [ 50%] Building CXX object src/CMakeFiles/llama.dir/unicode-data.cpp.o
#18 181.9 [ 50%] Building CXX object src/CMakeFiles/llama.dir/unicode.cpp.o
#18 182.5 [ 50%] Building CXX object src/CMakeFiles/llama.dir/models/afmoe.cpp.o
#18 182.7 [ 50%] Building CXX object src/CMakeFiles/llama.dir/models/apertus.cpp.o
#18 182.9 [ 50%] Building CXX object src/CMakeFiles/llama.dir/models/arcee.cpp.o
#18 183.1 [ 50%] Building CXX object src/CMakeFiles/llama.dir/models/arctic.cpp.o
#18 183.3 [ 50%] Building CXX object src/CMakeFiles/llama.dir/models/arwkv7.cpp.o
#18 183.5 [ 50%] Building CXX object src/CMakeFiles/llama.dir/models/baichuan.cpp.o
#18 183.7 [ 51%] Building CXX object src/CMakeFiles/llama.dir/models/bailingmoe.cpp.o
#18 183.8 [ 51%] Building CXX object src/CMakeFiles/llama.dir/models/bailingmoe2.cpp.o
#18 183.9 [ 51%] Building CXX object src/CMakeFiles/llama.dir/models/bailingmoe3.cpp.o
#18 183.9 [ 51%] Building CXX object src/CMakeFiles/llama.dir/models/bert.cpp.o
#18 184.1 [ 51%] Building CXX object src/CMakeFiles/llama.dir/models/bitnet.cpp.o
#18 184.2 [ 51%] Building CXX object src/CMakeFiles/llama.dir/models/bloom.cpp.o
#18 184.3 [ 51%] Building CXX object src/CMakeFiles/llama.dir/models/chameleon.cpp.o
#18 184.3 [ 51%] Building CXX object src/CMakeFiles/llama.dir/models/chatglm.cpp.o
#18 184.4 [ 52%] Building CXX object src/CMakeFiles/llama.dir/models/clip.cpp.o
#18 184.4 [ 52%] Building CXX object src/CMakeFiles/llama.dir/models/codeshell.cpp.o
#18 184.5 [ 52%] Building CXX object src/CMakeFiles/llama.dir/models/cogvlm.cpp.o
#18 184.5 [ 52%] Building CXX object src/CMakeFiles/llama.dir/models/cohere2.cpp.o
#18 184.7 [ 52%] Building CXX object src/CMakeFiles/llama.dir/models/cohere2moe.cpp.o
#18 184.7 [ 52%] Building CXX object src/CMakeFiles/llama.dir/models/command-r.cpp.o
#18 184.8 [ 52%] Building CXX object src/CMakeFiles/llama.dir/models/dbrx.cpp.o
#18 184.8 [ 52%] Building CXX object src/CMakeFiles/llama.dir/models/deci.cpp.o
#18 184.9 [ 52%] Building CXX object src/CMakeFiles/llama.dir/models/deepseek.cpp.o
#18 184.9 [ 53%] Building CXX object src/CMakeFiles/llama.dir/models/deepseek2.cpp.o
#18 185.0 [ 53%] Building CXX object src/CMakeFiles/llama.dir/models/deepseek2ocr.cpp.o
#18 185.1 [ 53%] Building CXX object src/CMakeFiles/llama.dir/models/deepseek32.cpp.o
#18 185.1 [ 53%] Building CXX object src/CMakeFiles/llama.dir/models/deepseek4.cpp.o
#18 185.2 [ 53%] Building CXX object src/CMakeFiles/llama.dir/models/delta-net-base.cpp.o
#18 185.2 [ 53%] Building CXX object src/CMakeFiles/llama.dir/models/dflash.cpp.o
#18 185.3 [ 53%] Building CXX object src/CMakeFiles/llama.dir/models/dots1.cpp.o
#18 185.4 [ 53%] Building CXX object src/CMakeFiles/llama.dir/models/dots3note.cpp.o
#18 185.4 [ 53%] Building CXX object src/CMakeFiles/llama.dir/models/dream.cpp.o
#18 185.6 [ 54%] Building CXX object src/CMakeFiles/llama.dir/models/eagle3.cpp.o
#18 185.6 [ 54%] Building CXX object src/CMakeFiles/llama.dir/models/ernie4-5-moe.cpp.o
#18 185.6 [ 54%] Building CXX object src/CMakeFiles/llama.dir/models/ernie4-5.cpp.o
#18 185.8 [ 54%] Building CXX object src/CMakeFiles/llama.dir/models/eurobert.cpp.o
#18 185.8 [ 54%] Building CXX object src/CMakeFiles/llama.dir/models/exaone-moe.cpp.o
#18 185.8 [ 54%] Building CXX object src/CMakeFiles/llama.dir/models/exaone.cpp.o
#18 185.9 [ 54%] Building CXX object src/CMakeFiles/llama.dir/models/exaone4.cpp.o
#18 185.9 [ 54%] Building CXX object src/CMakeFiles/llama.dir/models/falcon-h1.cpp.o
#18 186.0 [ 54%] Building CXX object src/CMakeFiles/llama.dir/models/falcon.cpp.o
#18 186.0 [ 55%] Building CXX object src/CMakeFiles/llama.dir/models/gemma-embedding.cpp.o
#18 186.2 [ 55%] Building CXX object src/CMakeFiles/llama.dir/models/gemma.cpp.o
#18 186.2 [ 55%] Building CXX object src/CMakeFiles/llama.dir/models/gemma2.cpp.o
#18 186.2 [ 55%] Building CXX object src/CMakeFiles/llama.dir/models/gemma3.cpp.o
#18 186.3 [ 55%] Building CXX object src/CMakeFiles/llama.dir/models/gemma3n.cpp.o
#18 186.3 [ 55%] Building CXX object src/CMakeFiles/llama.dir/models/gemma4-assistant.cpp.o
#18 186.4 [ 55%] Building CXX object src/CMakeFiles/llama.dir/models/gemma4.cpp.o
#18 186.4 [ 55%] Building CXX object src/CMakeFiles/llama.dir/models/glm-dsa.cpp.o
#18 186.4 [ 55%] Building CXX object src/CMakeFiles/llama.dir/models/glm4-moe.cpp.o
#18 186.6 [ 56%] Building CXX object src/CMakeFiles/llama.dir/models/glm4.cpp.o
#18 186.6 [ 56%] Building CXX object src/CMakeFiles/llama.dir/models/gpt2.cpp.o
#18 186.7 [ 56%] Building CXX object src/CMakeFiles/llama.dir/models/gptneox.cpp.o
#18 186.8 [ 56%] Building CXX object src/CMakeFiles/llama.dir/models/granite-hybrid.cpp.o
#18 186.8 [ 56%] Building CXX object src/CMakeFiles/llama.dir/models/granite-moe.cpp.o
#18 186.8 [ 56%] Building CXX object src/CMakeFiles/llama.dir/models/granite-swa.cpp.o
#18 186.9 [ 56%] Building CXX object src/CMakeFiles/llama.dir/models/granite-switch.cpp.o
#18 187.0 [ 56%] Building CXX object src/CMakeFiles/llama.dir/models/granite.cpp.o
#18 187.0 [ 57%] Building CXX object src/CMakeFiles/llama.dir/models/grok.cpp.o
#18 187.0 [ 57%] Building CXX object src/CMakeFiles/llama.dir/models/grovemoe.cpp.o
#18 187.1 [ 57%] Building CXX object src/CMakeFiles/llama.dir/models/hunyuan-dense.cpp.o
#18 187.2 [ 57%] Building CXX object src/CMakeFiles/llama.dir/models/hunyuan-moe.cpp.o
#18 187.2 [ 57%] Building CXX object src/CMakeFiles/llama.dir/models/hunyuan-vl.cpp.o
#18 187.3 [ 57%] Building CXX object src/CMakeFiles/llama.dir/models/hy-v3.cpp.o
#18 187.4 [ 57%] Building CXX object src/CMakeFiles/llama.dir/models/hy-v4.cpp.o
#18 187.4 [ 57%] Building CXX object src/CMakeFiles/llama.dir/models/internlm2.cpp.o
#18 187.4 [ 57%] Building CXX object src/CMakeFiles/llama.dir/models/jais.cpp.o
#18 187.5 [ 58%] Building CXX object src/CMakeFiles/llama.dir/models/jais2.cpp.o
#18 187.5 [ 58%] Building CXX object src/CMakeFiles/llama.dir/models/jamba.cpp.o
#18 187.6 [ 58%] Building CXX object src/CMakeFiles/llama.dir/models/jina-bert-v2.cpp.o
#18 187.6 [ 58%] Building CXX object src/CMakeFiles/llama.dir/models/jina-bert-v3.cpp.o
#18 187.8 [ 58%] Building CXX object src/CMakeFiles/llama.dir/models/kimi-k3.cpp.o
#18 187.8 [ 58%] Building CXX object src/CMakeFiles/llama.dir/models/kimi-linear.cpp.o
#18 187.8 [ 58%] Building CXX object src/CMakeFiles/llama.dir/models/laguna.cpp.o
#18 187.8 [ 58%] Building CXX object src/CMakeFiles/llama.dir/models/lfm2.cpp.o
#18 187.9 [ 58%] Building CXX object src/CMakeFiles/llama.dir/models/lfm2moe.cpp.o
#18 187.9 [ 59%] Building CXX object src/CMakeFiles/llama.dir/models/llada-moe.cpp.o
#18 188.0 [ 59%] Building CXX object src/CMakeFiles/llama.dir/models/llada.cpp.o
#18 188.0 [ 59%] Building CXX object src/CMakeFiles/llama.dir/models/llama-embed.cpp.o
#18 188.2 [ 59%] Building CXX object src/CMakeFiles/llama.dir/models/llama.cpp.o
#18 188.2 [ 59%] Building CXX object src/CMakeFiles/llama.dir/models/maincoder.cpp.o
#18 188.2 [ 59%] Building CXX object src/CMakeFiles/llama.dir/models/llama4.cpp.o
#18 188.3 [ 59%] Building CXX object src/CMakeFiles/llama.dir/models/mamba-base.cpp.o
#18 188.3 [ 59%] Building CXX object src/CMakeFiles/llama.dir/models/mamba.cpp.o
#18 188.3 [ 59%] Building CXX object src/CMakeFiles/llama.dir/models/mamba2.cpp.o
#18 188.3 [ 60%] Building CXX object src/CMakeFiles/llama.dir/models/mellum.cpp.o
#18 188.4 [ 60%] Building CXX object src/CMakeFiles/llama.dir/models/mimo2.cpp.o
#18 188.6 [ 60%] Building CXX object src/CMakeFiles/llama.dir/models/minicpm.cpp.o
#18 188.6 [ 60%] Building CXX object src/CMakeFiles/llama.dir/models/minicpm3.cpp.o
#18 188.7 [ 60%] Building CXX object src/CMakeFiles/llama.dir/models/minimax-01.cpp.o
#18 188.7 [ 60%] Building CXX object src/CMakeFiles/llama.dir/models/minimax-m2.cpp.o
#18 188.7 [ 60%] Building CXX object src/CMakeFiles/llama.dir/models/minimax-m3.cpp.o
#18 188.7 [ 60%] Building CXX object src/CMakeFiles/llama.dir/models/mistral3.cpp.o
#18 188.7 [ 61%] Building CXX object src/CMakeFiles/llama.dir/models/mistral4.cpp.o
#18 188.8 [ 61%] Building CXX object src/CMakeFiles/llama.dir/models/modern-bert.cpp.o
#18 189.0 [ 61%] Building CXX object src/CMakeFiles/llama.dir/models/mpt.cpp.o
#18 189.0 [ 61%] Building CXX object src/CMakeFiles/llama.dir/models/muse-glimmer.cpp.o
#18 189.1 [ 61%] Building CXX object src/CMakeFiles/llama.dir/models/nanbeige.cpp.o
#18 189.1 [ 61%] Building CXX object src/CMakeFiles/llama.dir/models/nemotron-h-moe.cpp.o
#18 189.1 [ 61%] Building CXX object src/CMakeFiles/llama.dir/models/nemotron-h.cpp.o
#18 189.2 [ 61%] Building CXX object src/CMakeFiles/llama.dir/models/nemotron.cpp.o
#18 189.2 [ 61%] Building CXX object src/CMakeFiles/llama.dir/models/neo-bert.cpp.o
#18 189.3 [ 62%] Building CXX object src/CMakeFiles/llama.dir/models/nomic-bert-moe.cpp.o
#18 189.4 [ 62%] Building CXX object src/CMakeFiles/llama.dir/models/nomic-bert.cpp.o
#18 189.4 [ 62%] Building CXX object src/CMakeFiles/llama.dir/models/olmo.cpp.o
#18 189.5 [ 62%] Building CXX object src/CMakeFiles/llama.dir/models/olmo2.cpp.o
#18 189.5 [ 62%] Building CXX object src/CMakeFiles/llama.dir/models/olmoe.cpp.o
#18 189.5 [ 62%] Building CXX object src/CMakeFiles/llama.dir/models/openai-moe.cpp.o
#18 189.6 [ 62%] Building CXX object src/CMakeFiles/llama.dir/models/openelm.cpp.o
#18 189.6 [ 62%] Building CXX object src/CMakeFiles/llama.dir/models/orion.cpp.o
#18 189.7 [ 62%] Building CXX object src/CMakeFiles/llama.dir/models/paddleocr.cpp.o
#18 189.8 [ 63%] Building CXX object src/CMakeFiles/llama.dir/models/pangu-embed.cpp.o
#18 189.8 [ 63%] Building CXX object src/CMakeFiles/llama.dir/models/phi2.cpp.o
#18 189.9 [ 63%] Building CXX object src/CMakeFiles/llama.dir/models/phi3.cpp.o
#18 189.9 [ 63%] Building CXX object src/CMakeFiles/llama.dir/models/phimoe.cpp.o
#18 189.9 [ 63%] Building CXX object src/CMakeFiles/llama.dir/models/plamo.cpp.o
#18 190.0 [ 63%] Building CXX object src/CMakeFiles/llama.dir/models/plamo2.cpp.o
#18 190.0 [ 63%] Building CXX object src/CMakeFiles/llama.dir/models/plamo3.cpp.o
#18 190.0 [ 63%] Building CXX object src/CMakeFiles/llama.dir/models/plm.cpp.o
#18 190.1 [ 64%] Building CXX object src/CMakeFiles/llama.dir/models/qwen.cpp.o
#18 190.1 [ 64%] Building CXX object src/CMakeFiles/llama.dir/models/pockettts.cpp.o
#18 190.3 [ 64%] Building CXX object src/CMakeFiles/llama.dir/models/qwen2.cpp.o
#18 190.3 [ 64%] Building CXX object src/CMakeFiles/llama.dir/models/qwen2moe.cpp.o
#18 190.3 [ 64%] Building CXX object src/CMakeFiles/llama.dir/models/qwen2vl.cpp.o
#18 190.4 [ 64%] Building CXX object src/CMakeFiles/llama.dir/models/qwen3.cpp.o
#18 190.4 [ 64%] Building CXX object src/CMakeFiles/llama.dir/models/qwen35.cpp.o
#18 190.4 [ 64%] Building CXX object src/CMakeFiles/llama.dir/models/qwen35moe.cpp.o
#18 190.5 [ 64%] Building CXX object src/CMakeFiles/llama.dir/models/qwen3moe.cpp.o
#18 190.5 [ 65%] Building CXX object src/CMakeFiles/llama.dir/models/qwen3next.cpp.o
#18 190.7 [ 65%] Building CXX object src/CMakeFiles/llama.dir/models/qwen3tts.cpp.o
#18 190.7 [ 65%] Building CXX object src/CMakeFiles/llama.dir/models/qwen3vl.cpp.o
#18 190.7 [ 65%] Building CXX object src/CMakeFiles/llama.dir/models/qwen3vlmoe.cpp.o
#18 190.7 [ 65%] Building CXX object src/CMakeFiles/llama.dir/models/qwen4exp.cpp.o
#18 190.9 [ 65%] Building CXX object src/CMakeFiles/llama.dir/models/refact.cpp.o
#18 190.9 [ 65%] Building CXX object src/CMakeFiles/llama.dir/models/rnd1.cpp.o
#18 190.9 [ 65%] Building CXX object src/CMakeFiles/llama.dir/models/rwkv6-base.cpp.o
#18 191.0 [ 65%] Building CXX object src/CMakeFiles/llama.dir/models/rwkv6.cpp.o
#18 191.0 [ 66%] Building CXX object src/CMakeFiles/llama.dir/models/rwkv6qwen2.cpp.o
#18 191.0 [ 66%] Building CXX object src/CMakeFiles/llama.dir/models/rwkv7-base.cpp.o
#18 191.1 [ 66%] Building CXX object src/CMakeFiles/llama.dir/models/rwkv7.cpp.o
#18 191.3 [ 66%] Building CXX object src/CMakeFiles/llama.dir/models/seed-oss.cpp.o
#18 191.3 [ 66%] Building CXX object src/CMakeFiles/llama.dir/models/smallthinker.cpp.o
#18 191.3 [ 66%] Building CXX object src/CMakeFiles/llama.dir/models/smollm3.cpp.o
#18 191.4 [ 66%] Building CXX object src/CMakeFiles/llama.dir/models/spark2-5.cpp.o
#18 191.4 [ 66%] Building CXX object src/CMakeFiles/llama.dir/models/stablelm.cpp.o
#18 191.4 [ 66%] Building CXX object src/CMakeFiles/llama.dir/models/starcoder.cpp.o
#18 191.5 [ 67%] Building CXX object src/CMakeFiles/llama.dir/models/starcoder2.cpp.o
#18 191.5 [ 67%] Building CXX object src/CMakeFiles/llama.dir/models/step35.cpp.o
#18 191.7 [ 67%] Building CXX object src/CMakeFiles/llama.dir/models/t5.cpp.o
#18 191.7 [ 67%] Building CXX object src/CMakeFiles/llama.dir/models/t5encoder.cpp.o
#18 191.7 [ 67%] Building CXX object src/CMakeFiles/llama.dir/models/talkie.cpp.o
#18 191.8 [ 67%] Building CXX object src/CMakeFiles/llama.dir/models/wavtokenizer-dec.cpp.o
#18 191.8 [ 67%] Building CXX object src/CMakeFiles/llama.dir/models/xverse.cpp.o
#18 192.2 [ 67%] Linking CXX shared library ../bin/libllama.so
#18 192.3 [ 67%] Built target llama
#18 192.4 [ 68%] Building C object tests/CMakeFiles/test-c.dir/test-c.c.o
#18 192.4 [ 68%] Building CXX object common/CMakeFiles/llama-common.dir/parsers/functionary-v3-2.cpp.o
#18 192.4 [ 68%] Building CXX object common/CMakeFiles/llama-common.dir/parsers/parsers.cpp.o
#18 192.4 [ 68%] Building CXX object common/CMakeFiles/llama-common.dir/parsers/cohere2moe.cpp.o
#18 192.4 [ 68%] Building CXX object examples/simple-chat/CMakeFiles/llama-simple-chat.dir/simple-chat.cpp.o
#18 192.4 [ 68%] Building CXX object common/CMakeFiles/llama-common.dir/parsers/deepseek.cpp.o
#18 192.4 [ 68%] Building CXX object examples/simple/CMakeFiles/llama-simple.dir/simple.cpp.o
#18 192.4 [ 68%] Building CXX object tools/mtmd/CMakeFiles/mtmd.dir/mtmd.cpp.o
#18 192.4 [ 68%] Linking C executable ../bin/test-c
#18 192.5 [ 68%] Built target test-c
#18 192.5 [ 68%] Building CXX object tools/mtmd/CMakeFiles/mtmd.dir/mtmd-audio.cpp.o
#18 192.5 [ 68%] Linking CXX executable ../../bin/llama-simple
#18 192.6 [ 68%] Built target llama-simple
#18 192.6 [ 68%] Building CXX object tools/mtmd/CMakeFiles/mtmd.dir/mtmd-image.cpp.o
#18 192.6 [ 68%] Linking CXX executable ../../bin/llama-simple-chat
#18 192.7 [ 68%] Built target llama-simple-chat
#18 192.7 [ 68%] Building CXX object common/CMakeFiles/llama-common.dir/parsers/gemma4.cpp.o
#18 193.0 [ 68%] Building CXX object common/CMakeFiles/llama-common.dir/parsers/gigachat-v3.cpp.o
#18 193.4 [ 68%] Building CXX object common/CMakeFiles/llama-common.dir/parsers/gpt-oss.cpp.o
#18 193.6 [ 69%] Building CXX object common/CMakeFiles/llama-common.dir/parsers/kimi-k2.cpp.o
#18 193.7 [ 69%] Building CXX object tools/mtmd/CMakeFiles/mtmd.dir/mtmd-helper.cpp.o
#18 193.9 [ 70%] Building CXX object tools/mtmd/CMakeFiles/mtmd.dir/mtmd-helper-gen.cpp.o
#18 194.0 [ 70%] Building CXX object common/CMakeFiles/llama-common.dir/parsers/kimi-k3.cpp.o
#18 194.0 [ 70%] Building CXX object common/CMakeFiles/llama-common.dir/parsers/lfm2.cpp.o
#18 194.2 [ 70%] Building CXX object common/CMakeFiles/llama-common.dir/parsers/minicpm5.cpp.o
#18 194.3 [ 70%] Building CXX object tools/mtmd/CMakeFiles/mtmd.dir/clip.cpp.o
#18 194.7 [ 70%] Building CXX object common/CMakeFiles/llama-common.dir/parsers/minimax-m3.cpp.o
#18 194.7 [ 70%] Building CXX object tools/mtmd/CMakeFiles/mtmd.dir/models/cogvlm.cpp.o
#18 195.0 [ 70%] Building CXX object tools/mtmd/CMakeFiles/mtmd.dir/models/conformer.cpp.o
#18 195.0 [ 70%] Building CXX object common/CMakeFiles/llama-common.dir/parsers/ministral3.cpp.o
#18 195.2 [ 70%] Building CXX object common/CMakeFiles/llama-common.dir/parsers/muse-glimmer.cpp.o
#18 195.2 [ 70%] Building CXX object tools/mtmd/CMakeFiles/mtmd.dir/models/deepseek4v.cpp.o
#18 195.4 [ 70%] Building CXX object common/CMakeFiles/llama-common.dir/parsers/qwen3-coder.cpp.o
#18 195.5 [ 70%] Building CXX object tools/mtmd/CMakeFiles/mtmd.dir/models/dots3note.cpp.o
#18 195.7 [ 70%] Building CXX object tools/mtmd/CMakeFiles/mtmd.dir/models/dotsocr.cpp.o
#18 196.0 [ 70%] Building CXX object tools/mtmd/CMakeFiles/mtmd.dir/models/exaone4_5.cpp.o
#18 196.2 [ 70%] Building CXX object common/CMakeFiles/llama-common.dir/arg.cpp.o
#18 196.2 [ 71%] Building CXX object common/CMakeFiles/llama-common.dir/chat-auto-parser-generator.cpp.o
#18 196.2 [ 71%] Building CXX object tools/mtmd/CMakeFiles/mtmd.dir/models/gemma4a.cpp.o
#18 196.4 [ 71%] Building CXX object common/CMakeFiles/llama-common.dir/chat-auto-parser-helpers.cpp.o
#18 196.5 [ 72%] Building CXX object tools/mtmd/CMakeFiles/mtmd.dir/models/gemma4v.cpp.o
#18 196.7 [ 72%] Building CXX object common/CMakeFiles/llama-common.dir/chat-diff-analyzer.cpp.o
#18 196.9 [ 72%] Building CXX object tools/mtmd/CMakeFiles/mtmd.dir/models/gemma4ua.cpp.o
#18 197.1 [ 72%] Building CXX object tools/mtmd/CMakeFiles/mtmd.dir/models/gemma4uv.cpp.o
#18 197.4 [ 72%] Building CXX object tools/mtmd/CMakeFiles/mtmd.dir/models/glm4v.cpp.o
#18 197.4 [ 72%] Building CXX object common/CMakeFiles/llama-common.dir/chat-peg-parser.cpp.o
#18 197.6 [ 72%] Building CXX object tools/mtmd/CMakeFiles/mtmd.dir/models/granite-speech.cpp.o
#18 197.8 [ 72%] Building CXX object common/CMakeFiles/llama-common.dir/chat.cpp.o
#18 197.8 [ 72%] Building CXX object tools/mtmd/CMakeFiles/mtmd.dir/models/granite4-vision.cpp.o
#18 198.2 [ 72%] Building CXX object tools/mtmd/CMakeFiles/mtmd.dir/models/hunyuanvl.cpp.o
#18 198.4 [ 72%] Building CXX object tools/mtmd/CMakeFiles/mtmd.dir/models/internvl.cpp.o
#18 198.7 [ 72%] Building CXX object tools/mtmd/CMakeFiles/mtmd.dir/models/kimivl.cpp.o
#18 198.9 [ 73%] Building CXX object tools/mtmd/CMakeFiles/mtmd.dir/models/kimik25.cpp.o
#18 199.2 [ 73%] Building CXX object tools/mtmd/CMakeFiles/mtmd.dir/models/nemotron-v2-vl.cpp.o
#18 199.4 [ 73%] Building CXX object tools/mtmd/CMakeFiles/mtmd.dir/models/muse-glimmer.cpp.o
#18 199.5 [ 73%] Building CXX object tools/mtmd/CMakeFiles/mtmd.dir/models/llama4.cpp.o
#18 199.6 [ 73%] Building CXX object tools/mtmd/CMakeFiles/mtmd.dir/models/llava.cpp.o
#18 199.6 [ 73%] Building CXX object common/CMakeFiles/llama-common.dir/common.cpp.o
#18 199.7 [ 73%] Building CXX object tools/mtmd/CMakeFiles/mtmd.dir/models/minicpmv.cpp.o
#18 199.9 [ 73%] Building CXX object tools/mtmd/CMakeFiles/mtmd.dir/models/paddleocr.cpp.o
#18 200.0 [ 73%] Building CXX object tools/mtmd/CMakeFiles/mtmd.dir/models/pixtral.cpp.o
#18 200.1 [ 73%] Building CXX object tools/mtmd/CMakeFiles/mtmd.dir/models/qwen2vl.cpp.o
#18 200.2 [ 74%] Building CXX object tools/mtmd/CMakeFiles/mtmd.dir/models/minimax-m3.cpp.o
#18 200.3 [ 74%] Building CXX object common/CMakeFiles/llama-common.dir/console.cpp.o
#18 200.4 [ 74%] Building CXX object tools/mtmd/CMakeFiles/mtmd.dir/models/qwen3vl.cpp.o
#18 200.5 [ 74%] Building CXX object tools/mtmd/CMakeFiles/mtmd.dir/models/mimovl.cpp.o
#18 200.6 [ 74%] Building CXX object tools/mtmd/CMakeFiles/mtmd.dir/models/qwen3a.cpp.o
#18 200.7 [ 74%] Building CXX object tools/mtmd/CMakeFiles/mtmd.dir/models/mimo-audio.cpp.o
#18 200.8 [ 74%] Building CXX object common/CMakeFiles/llama-common.dir/debug.cpp.o
#18 200.9 [ 74%] Building CXX object tools/mtmd/CMakeFiles/mtmd.dir/models/qwen3tts-spkenc.cpp.o
#18 200.9 [ 74%] Building CXX object tools/mtmd/CMakeFiles/mtmd.dir/models/qwen3tts-gen.cpp.o
#18 200.9 [ 74%] Building CXX object tools/mtmd/CMakeFiles/mtmd.dir/models/pockettts-seanet.cpp.o
#18 201.1 [ 75%] Building CXX object tools/mtmd/CMakeFiles/mtmd.dir/models/pockettts-spkenc.cpp.o
#18 201.3 [ 75%] Building CXX object tools/mtmd/CMakeFiles/mtmd.dir/models/pockettts-gen.cpp.o
#18 201.5 [ 75%] Building CXX object tools/mtmd/CMakeFiles/mtmd.dir/models/step3vl.cpp.o
#18 201.5 [ 75%] Building CXX object tools/mtmd/CMakeFiles/mtmd.dir/models/siglip.cpp.o
#18 201.6 [ 75%] Building CXX object tools/mtmd/CMakeFiles/mtmd.dir/models/whisper-enc.cpp.o
#18 201.7 [ 75%] Building CXX object tools/mtmd/CMakeFiles/mtmd.dir/models/deepseekocr.cpp.o
#18 202.0 [ 75%] Building CXX object tools/mtmd/CMakeFiles/mtmd.dir/models/deepseekocr2.cpp.o
#18 202.0 [ 75%] Building CXX object common/CMakeFiles/llama-common.dir/download.cpp.o
#18 202.0 [ 75%] Building CXX object tools/mtmd/CMakeFiles/mtmd.dir/models/mobilenetv5.cpp.o
#18 202.0 [ 75%] Building CXX object tools/mtmd/CMakeFiles/mtmd.dir/models/youtuvl.cpp.o
#18 202.2 [ 76%] Building CXX object tools/mtmd/CMakeFiles/mtmd.dir/models/yasa2.cpp.o
#18 202.5 [ 76%] Building CXX object tools/mtmd/CMakeFiles/mtmd.dir/models/parakeet.cpp.o
#18 202.5 [ 77%] Building CXX object common/CMakeFiles/llama-common.dir/fit.cpp.o
#18 202.5 [ 77%] Building CXX object common/CMakeFiles/llama-common.dir/hf-cache.cpp.o
#18 202.6 [ 77%] Building CXX object common/CMakeFiles/llama-common.dir/imatrix-loader.cpp.o
#18 202.7 [ 77%] Building CXX object common/CMakeFiles/llama-common.dir/json-schema-to-grammar.cpp.o
#18 202.7 [ 77%] Building CXX object common/CMakeFiles/llama-common.dir/json.cpp.o
#18 202.9 [ 77%] Linking CXX shared library ../../bin/libmtmd.so
#18 203.0 [ 77%] Built target mtmd
#18 203.0 [ 77%] Building CXX object common/CMakeFiles/llama-common.dir/llguidance.cpp.o
#18 203.0 [ 77%] Building CXX object common/CMakeFiles/llama-common.dir/log.cpp.o
#18 203.2 [ 77%] Building CXX object common/CMakeFiles/llama-common.dir/ngram-cache.cpp.o
#18 203.5 [ 78%] Building CXX object common/CMakeFiles/llama-common.dir/ngram-map.cpp.o
#18 203.5 [ 78%] Building CXX object common/CMakeFiles/llama-common.dir/ngram-mod.cpp.o
#18 203.6 [ 78%] Building CXX object common/CMakeFiles/llama-common.dir/peg-parser.cpp.o
#18 203.8 [ 78%] Building CXX object common/CMakeFiles/llama-common.dir/preset.cpp.o
#18 203.8 [ 78%] Building CXX object common/CMakeFiles/llama-common.dir/reasoning-budget.cpp.o
#18 204.0 [ 78%] Building CXX object common/CMakeFiles/llama-common.dir/sampling.cpp.o
#18 204.2 [ 78%] Building CXX object common/CMakeFiles/llama-common.dir/speculative.cpp.o
#18 204.9 [ 78%] Building CXX object common/CMakeFiles/llama-common.dir/subproc.cpp.o
#18 205.0 [ 78%] Building CXX object common/CMakeFiles/llama-common.dir/trie.cpp.o
#18 205.1 [ 79%] Building CXX object common/CMakeFiles/llama-common.dir/unicode.cpp.o
#18 205.2 [ 79%] Building CXX object common/CMakeFiles/llama-common.dir/jinja/lexer.cpp.o
#18 205.3 [ 79%] Building CXX object common/CMakeFiles/llama-common.dir/jinja/parser.cpp.o
#18 205.5 [ 79%] Building CXX object common/CMakeFiles/llama-common.dir/jinja/runtime.cpp.o
#18 205.8 [ 79%] Building CXX object common/CMakeFiles/llama-common.dir/jinja/value.cpp.o
#18 205.8 [ 79%] Building CXX object common/CMakeFiles/llama-common.dir/jinja/string.cpp.o
#18 206.3 [ 79%] Building CXX object common/CMakeFiles/llama-common.dir/jinja/caps.cpp.o
#18 209.5 [ 79%] Linking CXX shared library ../bin/libllama-common.so
#18 209.6 [ 79%] Built target llama-common
#18 209.6 [ 79%] Building CXX object tests/CMakeFiles/test-tokenizer-0.dir/test-tokenizer-0.cpp.o
#18 209.6 [ 79%] Building CXX object tests/CMakeFiles/test-save-load-state.dir/test-save-load-state.cpp.o
#18 209.6 [ 79%] Building CXX object tests/CMakeFiles/test-reasoning-budget.dir/test-reasoning-budget.cpp.o
#18 209.6 [ 79%] Building CXX object tests/CMakeFiles/test-sampling.dir/test-sampling.cpp.o
#18 209.6 [ 79%] Building CXX object tests/CMakeFiles/test-recurrent-state-rollback.dir/test-recurrent-state-rollback.cpp.o
#18 209.6 [ 79%] Building CXX object tests/CMakeFiles/test-grammar-integration.dir/test-grammar-integration.cpp.o
#18 209.6 [ 79%] Building CXX object tests/CMakeFiles/test-unicode.dir/test-unicode.cpp.o
#18 209.6 [ 79%] Building CXX object tests/CMakeFiles/test-grammar-parser.dir/test-grammar-parser.cpp.o
#18 209.8 [ 79%] Linking CXX executable ../bin/test-unicode
#18 209.9 [ 79%] Built target test-unicode
#18 209.9 [ 79%] Building CXX object tests/CMakeFiles/test-llama-grammar.dir/test-llama-grammar.cpp.o
#18 210.1 [ 79%] Linking CXX executable ../bin/test-sampling
#18 210.1 [ 79%] Linking CXX executable ../bin/test-grammar-parser
#18 210.1 [ 79%] Linking CXX executable ../bin/test-tokenizer-0
#18 210.1 [ 79%] Linking CXX executable ../bin/test-reasoning-budget
#18 210.2 [ 79%] Built target test-sampling
#18 210.2 [ 79%] Building CXX object tests/CMakeFiles/test-batch-alloc.dir/test-batch-alloc.cpp.o
#18 210.2 [ 79%] Built target test-grammar-parser
#18 210.2 [ 79%] Building CXX object tools/server/CMakeFiles/server-context.dir/server-chat.cpp.o
#18 210.2 [ 79%] Built target test-reasoning-budget
#18 210.3 [ 79%] Building CXX object tests/CMakeFiles/test-json-schema-to-grammar.dir/test-json-schema-to-grammar.cpp.o
#18 210.3 [ 79%] Built target test-tokenizer-0
#18 210.3 [ 79%] Building CXX object tests/CMakeFiles/test-gbnf-validator.dir/test-gbnf-validator.cpp.o
#18 210.4 [ 79%] Linking CXX executable ../bin/test-recurrent-state-rollback
#18 210.5 [ 79%] Linking CXX executable ../bin/test-llama-grammar
#18 210.6 [ 79%] Built target test-recurrent-state-rollback
#18 210.6 [ 79%] Building CXX object tests/CMakeFiles/test-tokenizer-1-bpe.dir/test-tokenizer-1-bpe.cpp.o
#18 210.6 [ 79%] Linking CXX executable ../bin/test-gbnf-validator
#18 210.6 [ 79%] Built target test-llama-grammar
#18 210.6 [ 80%] Building CXX object tests/CMakeFiles/test-tokenizer-1-spm.dir/test-tokenizer-1-spm.cpp.o
#18 210.7 [ 80%] Built target test-gbnf-validator
#18 210.7 [ 80%] Building CXX object tests/CMakeFiles/test-llama-archs.dir/test-llama-archs.cpp.o
#18 210.8 [ 81%] Linking CXX executable ../bin/test-save-load-state
#18 210.9 [ 81%] Linking CXX executable ../bin/test-tokenizer-1-bpe
#18 211.0 [ 81%] Built target test-save-load-state
#18 211.0 [ 81%] Building CXX object tests/CMakeFiles/test-chat-peg-parser.dir/test-chat-peg-parser.cpp.o
#18 211.0 [ 81%] Linking CXX executable ../bin/test-tokenizer-1-spm
#18 211.0 [ 81%] Built target test-tokenizer-1-bpe
#18 211.0 [ 81%] Building CXX object tests/CMakeFiles/test-jinja.dir/test-jinja.cpp.o
#18 211.1 [ 81%] Built target test-tokenizer-1-spm
#18 211.1 [ 81%] Building CXX object tests/CMakeFiles/test-chat-auto-parser.dir/test-chat-auto-parser.cpp.o
#18 211.5 [ 81%] Linking CXX executable ../bin/test-llama-archs
#18 211.5 [ 81%] Linking CXX executable ../bin/test-grammar-integration
#18 211.6 [ 81%] Built target test-grammar-integration
#18 211.6 [ 81%] Building CXX object tests/CMakeFiles/test-chat-template.dir/test-chat-template.cpp.o
#18 211.6 [ 81%] Built target test-llama-archs
#18 211.7 [ 81%] Building CXX object tests/CMakeFiles/test-chat-analysis.dir/test-chat-analysis.cpp.o
#18 212.0 [ 81%] Building CXX object tools/server/CMakeFiles/server-context.dir/server-task.cpp.o
#18 212.7 [ 82%] Linking CXX executable ../bin/test-json-schema-to-grammar
#18 212.8 [ 82%] Built target test-json-schema-to-grammar
#18 212.8 [ 82%] Building CXX object tests/CMakeFiles/test-log.dir/test-log.cpp.o
#18 212.9 [ 82%] Linking CXX executable ../bin/test-log
#18 213.0 [ 82%] Built target test-log
#18 213.0 [ 83%] Building CXX object tests/CMakeFiles/test-peg-parser.dir/test-peg-parser.cpp.o
#18 213.5 [ 83%] Linking CXX executable ../bin/test-chat-template
#18 213.5 [ 83%] Linking CXX executable ../bin/test-chat-analysis
#18 213.6 [ 83%] Built target test-chat-analysis
#18 213.6 [ 83%] Built target test-chat-template
#18 213.6 [ 83%] Building CXX object tools/server/CMakeFiles/server-context.dir/server-queue.cpp.o
#18 213.6 [ 83%] Building CXX object tests/CMakeFiles/test-thread-safety.dir/test-thread-safety.cpp.o
#18 213.7 [ 83%] Linking CXX executable ../bin/test-batch-alloc
#18 213.9 [ 83%] Built target test-batch-alloc
#18 213.9 [ 83%] Building CXX object tests/CMakeFiles/test-arg-parser.dir/test-arg-parser.cpp.o
#18 214.3 [ 83%] Linking CXX executable ../bin/test-thread-safety
#18 214.4 [ 83%] Built target test-thread-safety
#18 214.4 [ 84%] Building CXX object tests/CMakeFiles/test-model-resolution.dir/test-model-resolution.cpp.o
#18 214.8 [ 84%] Linking CXX executable ../bin/test-arg-parser
#18 214.9 [ 84%] Built target test-arg-parser
#18 214.9 [ 84%] Building CXX object tests/CMakeFiles/test-opt.dir/test-opt.cpp.o
#18 215.3 [ 84%] Building CXX object tests/CMakeFiles/test-peg-parser.dir/peg-parser/simple-tokenize.cpp.o
#18 215.4 [ 84%] Building CXX object tests/CMakeFiles/test-peg-parser.dir/peg-parser/test-basic.cpp.o
#18 215.5 [ 84%] Linking CXX executable ../bin/test-opt
#18 215.6 [ 84%] Built target test-opt
#18 215.6 [ 84%] Building CXX object tests/CMakeFiles/test-backend-ops.dir/test-backend-ops.cpp.o
#18 215.7 [ 84%] Building CXX object tools/server/CMakeFiles/server-context.dir/server-common.cpp.o
#18 216.5 [ 84%] Linking CXX executable ../bin/test-model-resolution
#18 216.7 [ 84%] Built target test-model-resolution
#18 216.7 [ 84%] Building CXX object tests/CMakeFiles/test-model-load-cancel.dir/test-model-load-cancel.cpp.o
#18 216.8 [ 84%] Building CXX object tools/server/CMakeFiles/server-context.dir/server-context.cpp.o
#18 216.9 [ 84%] Linking CXX executable ../bin/test-model-load-cancel
#18 217.0 [ 84%] Building CXX object tests/CMakeFiles/test-chat-peg-parser.dir/peg-parser/simple-tokenize.cpp.o
#18 217.0 [ 84%] Built target test-model-load-cancel
#18 217.0 [ 84%] Building CXX object tests/CMakeFiles/test-autorelease.dir/test-autorelease.cpp.o
#18 217.1 [ 85%] Linking CXX executable ../bin/test-chat-peg-parser
#18 217.2 [ 85%] Built target test-chat-peg-parser
#18 217.2 [ 85%] Building CXX object tests/CMakeFiles/test-backend-sampler.dir/test-backend-sampler.cpp.o
#18 217.3 [ 86%] Linking CXX executable ../bin/test-autorelease
#18 217.4 [ 86%] Built target test-autorelease
#18 217.4 [ 86%] Building CXX object tests/CMakeFiles/test-state-restore-fragmented.dir/test-state-restore-fragmented.cpp.o
#18 217.9 [ 86%] Linking CXX executable ../bin/test-state-restore-fragmented
#18 218.0 [ 86%] Built target test-state-restore-fragmented
#18 218.0 [ 86%] Building C object tests/CMakeFiles/test-mtmd-c-api.dir/test-mtmd-c-api.c.o
#18 218.0 [ 86%] Linking CXX executable ../bin/test-mtmd-c-api
#18 218.2 [ 86%] Built target test-mtmd-c-api
#18 218.2 [ 86%] Building CXX object tests/CMakeFiles/test-mtmd-impl.dir/test-mtmd-impl.cpp.o
#18 218.3 [ 86%] Linking CXX executable ../bin/test-chat-auto-parser
#18 218.4 [ 86%] Built target test-chat-auto-parser
#18 218.4 [ 86%] Building CXX object tests/CMakeFiles/gguf-model-data.dir/gguf-model-data.cpp.o
#18 218.4 [ 86%] Building CXX object tools/server/CMakeFiles/server-context.dir/server-stream.cpp.o
#18 218.9 [ 86%] Linking CXX executable ../bin/test-backend-sampler
#18 218.9 [ 86%] Building CXX object tests/CMakeFiles/test-peg-parser.dir/peg-parser/test-gbnf-generation.cpp.o
#18 219.0 [ 86%] Built target test-backend-sampler
#18 219.0 [ 86%] Building CXX object tests/CMakeFiles/test-gguf.dir/test-gguf.cpp.o
#18 219.8 [ 86%] Linking CXX executable ../bin/test-gguf
#18 219.8 [ 86%] Linking CXX executable ../bin/test-jinja
#18 219.9 [ 86%] Built target test-gguf
#18 219.9 [ 86%] Building CXX object tests/CMakeFiles/test-alloc.dir/test-alloc.cpp.o
#18 219.9 [ 86%] Built target test-jinja
#18 220.0 [ 86%] Building CXX object examples/batched/CMakeFiles/llama-batched.dir/batched.cpp.o
#18 220.1 [ 87%] Building CXX object tools/server/CMakeFiles/server-context.dir/server-tools.cpp.o
#18 220.3 [ 87%] Linking CXX executable ../bin/test-alloc
#18 220.5 [ 87%] Built target test-alloc
#18 220.5 [ 87%] Building CXX object examples/debug/CMakeFiles/llama-debug.dir/debug.cpp.o
#18 220.5 [ 87%] Linking CXX executable ../../bin/llama-batched
#18 220.6 [ 87%] Built target llama-batched
#18 220.6 [ 87%] Building CXX object examples/embedding/CMakeFiles/llama-embedding.dir/embedding.cpp.o
#18 220.6 [ 87%] Linking CXX executable ../bin/test-mtmd-impl
#18 220.8 [ 87%] Built target test-mtmd-impl
#18 220.8 [ 87%] Building CXX object examples/eval-callback/CMakeFiles/llama-eval-callback.dir/eval-callback.cpp.o
#18 221.1 [ 87%] Linking CXX static library libgguf-model-data.a
#18 221.2 [ 87%] Built target gguf-model-data
#18 221.2 [ 87%] Building CXX object examples/idle/CMakeFiles/llama-idle.dir/idle.cpp.o
#18 221.3 [ 87%] Linking CXX executable ../../bin/llama-embedding
#18 221.3 [ 87%] Linking CXX executable ../../bin/llama-eval-callback
#18 221.4 [ 87%] Built target llama-eval-callback
#18 221.4 [ 87%] Built target llama-embedding
#18 221.4 [ 87%] Building CXX object examples/lookahead/CMakeFiles/llama-lookahead.dir/lookahead.cpp.o
#18 221.4 [ 87%] Building CXX object examples/lookup/CMakeFiles/llama-lookup.dir/lookup.cpp.o
#18 221.7 [ 87%] Linking CXX executable ../../bin/llama-idle
#18 221.9 [ 87%] Built target llama-idle
#18 221.9 [ 87%] Building CXX object examples/lookup/CMakeFiles/llama-lookup-create.dir/lookup-create.cpp.o
#18 221.9 [ 87%] Linking CXX executable ../../bin/llama-lookup
#18 222.1 [ 87%] Linking CXX executable ../../bin/llama-lookahead
#18 222.1 [ 87%] Built target llama-lookup
#18 222.1 [ 87%] Building CXX object examples/lookup/CMakeFiles/llama-lookup-merge.dir/lookup-merge.cpp.o
#18 222.2 [ 87%] Built target llama-lookahead
#18 222.2 [ 87%] Building CXX object examples/lookup/CMakeFiles/llama-lookup-stats.dir/lookup-stats.cpp.o
#18 222.3 [ 87%] Linking CXX executable ../../bin/llama-lookup-create
#18 222.4 [ 88%] Linking CXX executable ../../bin/llama-lookup-merge
#18 222.5 [ 88%] Built target llama-lookup-create
#18 222.5 [ 89%] Building CXX object examples/parallel/CMakeFiles/llama-parallel.dir/parallel.cpp.o
#18 222.5 [ 89%] Built target llama-lookup-merge
#18 222.5 [ 89%] Building CXX object examples/passkey/CMakeFiles/llama-passkey.dir/passkey.cpp.o
#18 222.8 [ 89%] Linking CXX executable ../../bin/llama-lookup-stats
#18 222.8 [ 89%] Building CXX object tests/CMakeFiles/test-peg-parser.dir/peg-parser/test-json-parser.cpp.o
#18 222.9 [ 89%] Built target llama-lookup-stats
#18 222.9 [ 89%] Building CXX object examples/retrieval/CMakeFiles/llama-retrieval.dir/retrieval.cpp.o
#18 222.9 [ 89%] Linking CXX executable ../../bin/llama-debug
#18 223.0 [ 89%] Built target llama-debug
#18 223.0 [ 89%] Building CXX object examples/speculative/CMakeFiles/llama-speculative.dir/speculative.cpp.o
#18 223.1 [ 89%] Linking CXX executable ../../bin/llama-passkey
#18 223.1 [ 89%] Building CXX object tools/server/CMakeFiles/server-context.dir/server-mcp.cpp.o
#18 223.2 [ 89%] Linking CXX executable ../../bin/llama-parallel
#18 223.2 [ 89%] Built target llama-passkey
#18 223.2 [ 89%] Building CXX object examples/speculative-simple/CMakeFiles/llama-speculative-simple.dir/speculative-simple.cpp.o
#18 223.3 [ 89%] Built target llama-parallel
#18 223.3 [ 89%] Building CXX object examples/gen-docs/CMakeFiles/llama-gen-docs.dir/gen-docs.cpp.o
#18 223.7 [ 90%] Linking CXX executable ../../bin/llama-retrieval
#18 223.8 [ 90%] Linking CXX executable ../../bin/llama-speculative-simple
#18 223.8 [ 90%] Built target llama-retrieval
#18 223.9 [ 90%] Building CXX object examples/training/CMakeFiles/llama-finetune.dir/finetune.cpp.o
#18 223.9 [ 90%] Built target llama-speculative-simple
#18 223.9 [ 90%] Building CXX object examples/diffusion/CMakeFiles/llama-diffusion.dir/diffusion.cpp.o
#18 224.0 [ 90%] Linking CXX executable ../../bin/llama-gen-docs
#18 224.1 [ 90%] Built target llama-gen-docs
#18 224.1 [ 90%] Building CXX object tools/batched-bench/CMakeFiles/llama-batched-bench-impl.dir/batched-bench.cpp.o
#18 224.1 [ 90%] Linking CXX executable ../../bin/llama-speculative
#18 224.3 [ 90%] Built target llama-speculative
#18 224.3 [ 90%] Building CXX object tools/gguf-split/CMakeFiles/llama-gguf-split.dir/gguf-split.cpp.o
#18 224.4 [ 90%] Linking CXX executable ../../bin/llama-finetune
#18 224.4 [ 90%] Linking CXX static library libllama-diffusion.a
#18 224.4 [ 90%] Built target llama-diffusion
#18 224.4 [ 90%] Building CXX object tools/imatrix/CMakeFiles/llama-imatrix.dir/imatrix.cpp.o
#18 224.5 [ 90%] Built target llama-finetune
#18 224.5 [ 90%] Building CXX object tools/llama-bench/CMakeFiles/llama-bench-impl.dir/llama-bench.cpp.o
#18 224.6 [ 90%] Building CXX object tests/CMakeFiles/test-peg-parser.dir/peg-parser/test-json-serialization.cpp.o
#18 224.7 [ 90%] Linking CXX shared library ../../bin/libllama-batched-bench-impl.so
#18 224.7 [ 90%] Linking CXX executable ../../bin/llama-gguf-split
#18 224.8 [ 90%] Built target llama-batched-bench-impl
#18 224.8 [ 90%] Building CXX object tools/completion/CMakeFiles/llama-completion-impl.dir/completion.cpp.o
#18 224.8 [ 90%] Built target llama-gguf-split
#18 224.8 [ 90%] Building CXX object tools/perplexity/CMakeFiles/llama-perplexity-impl.dir/perplexity.cpp.o
#18 225.0 [ 90%] Building CXX object tools/server/CMakeFiles/server-context.dir/server-schema.cpp.o
#18 225.7 [ 90%] Building CXX object tools/quantize/CMakeFiles/llama-quantize-impl.dir/quantize.cpp.o
#18 225.8 [ 90%] Building CXX object tests/CMakeFiles/test-peg-parser.dir/peg-parser/test-python-dict-parser.cpp.o
#18 226.1 [ 90%] Linking CXX shared library ../../bin/libllama-completion-impl.so
#18 226.2 [ 90%] Built target llama-completion-impl
#18 226.2 [ 90%] Building CXX object tools/tokenize/CMakeFiles/llama-tokenize.dir/tokenize.cpp.o
#18 226.7 [ 90%] Linking CXX executable ../../bin/llama-tokenize
#18 226.7 [ 90%] Linking CXX shared library ../../bin/libllama-perplexity-impl.so
#18 226.8 [ 90%] Linking CXX shared library ../../bin/libllama-quantize-impl.so
#18 226.8 [ 90%] Built target llama-perplexity-impl
#18 226.8 [ 90%] Building CXX object tools/tts/CMakeFiles/llama-tts.dir/tts.cpp.o
#18 226.8 [ 90%] Built target llama-tokenize
#18 226.9 [ 90%] Building CXX object tools/mtmd/CMakeFiles/llama-mtmd-cli.dir/mtmd-cli.cpp.o
#18 226.9 [ 90%] Built target llama-quantize-impl
#18 226.9 [ 90%] Building CXX object tools/mtmd/CMakeFiles/llama-mtmd-debug.dir/debug/mtmd-debug.cpp.o
#18 227.3 [ 91%] Linking CXX executable ../../bin/llama-tts
#18 227.5 [ 91%] Built target llama-tts
#18 227.5 [ 91%] Building CXX object tools/fit-params/CMakeFiles/llama-fit-params-impl.dir/fit-params.cpp.o
#18 227.5 [ 91%] Linking CXX static library libserver-context.a
#18 227.5 [ 91%] Linking CXX executable ../../bin/llama-mtmd-debug
#18 227.6 [ 91%] Built target server-context
#18 227.6 [ 91%] Building CXX object tools/results/CMakeFiles/llama-results.dir/results.cpp.o
#18 227.7 [ 91%] Built target llama-mtmd-debug
#18 227.7 [ 91%] Building CXX object tests/CMakeFiles/test-peg-parser.dir/peg-parser/test-unicode.cpp.o
#18 227.9 [ 91%] Linking CXX executable ../../bin/llama-imatrix
#18 227.9 [ 91%] Linking CXX shared library ../../bin/libllama-fit-params-impl.so
#18 228.0 [ 91%] Built target llama-imatrix
#18 228.0 [ 92%] Building CXX object tests/CMakeFiles/test-chat.dir/test-chat.cpp.o
#18 228.0 [ 92%] Built target llama-fit-params-impl
#18 228.1 [ 93%] Building CXX object tests/CMakeFiles/test-gguf-model-data.dir/test-gguf-model-data.cpp.o
#18 228.2 [ 93%] Linking CXX executable ../../bin/llama-mtmd-cli
#18 228.2 [ 93%] Linking CXX executable ../../bin/llama-results
#18 228.2 [ 93%] Linking CXX executable ../bin/test-gguf-model-data
#18 228.3 [ 93%] Built target llama-results
#18 228.3 [ 93%] Built target llama-mtmd-cli
#18 228.3 [ 94%] Building CXX object tests/CMakeFiles/test-quant-type-selection.dir/test-quant-type-selection.cpp.o
#18 228.3 [ 94%] Building CXX object tests/CMakeFiles/test-export-graph-ops.dir/test-export-graph-ops.cpp.o
#18 228.3 [ 95%] Building CXX object examples/diffusion/CMakeFiles/llama-diffusion-cli.dir/diffusion-cli.cpp.o
#18 228.4 [ 95%] Built target test-gguf-model-data
#18 228.4 [ 95%] Building CXX object tools/batched-bench/CMakeFiles/llama-batched-bench.dir/main.cpp.o
#18 228.4 [ 95%] Linking CXX executable ../../bin/llama-batched-bench
#18 228.5 [ 95%] Built target llama-batched-bench
#18 228.5 [ 95%] Building CXX object tools/completion/CMakeFiles/llama-completion.dir/main.cpp.o
#18 228.6 [ 95%] Linking CXX executable ../../bin/llama-completion
#18 228.7 [ 95%] Built target llama-completion
#18 228.7 [ 95%] Building CXX object tools/perplexity/CMakeFiles/llama-perplexity.dir/main.cpp.o
#18 228.7 [ 95%] Linking CXX executable ../../bin/llama-perplexity
#18 228.8 [ 95%] Built target llama-perplexity
#18 228.8 [ 96%] Building CXX object tools/quantize/CMakeFiles/llama-quantize.dir/main.cpp.o
#18 228.8 [ 96%] Linking CXX executable ../../bin/llama-quantize
#18 228.9 [ 96%] Linking CXX executable ../bin/test-quant-type-selection
#18 229.0 [ 96%] Built target llama-quantize
#18 229.0 [ 96%] Building CXX object tools/server/CMakeFiles/llama-server-impl.dir/server.cpp.o
#18 229.0 [ 96%] Built target test-quant-type-selection
#18 229.0 [ 97%] Building CXX object tools/fit-params/CMakeFiles/llama-fit-params.dir/main.cpp.o
#18 229.1 [ 97%] Linking CXX executable ../../bin/llama-fit-params
#18 229.1 [ 97%] Linking CXX executable ../bin/test-export-graph-ops
#18 229.2 [ 97%] Built target test-export-graph-ops
#18 229.2 [ 97%] Built target llama-fit-params
#18 229.2 [ 97%] Building CXX object tools/server/CMakeFiles/llama-server-impl.dir/server-models.cpp.o
#18 229.2 [ 97%] Building CXX object tools/server/CMakeFiles/llama-server-impl.dir/server-http.cpp.o
#18 229.3 [ 97%] Linking CXX executable ../../bin/llama-diffusion-cli
#18 229.4 [ 97%] Built target llama-diffusion-cli
#18 229.6 [ 97%] Linking CXX shared library ../../bin/libllama-bench-impl.so
#18 229.7 [ 97%] Built target llama-bench-impl
#18 229.7 [ 98%] Building CXX object tools/llama-bench/CMakeFiles/llama-bench.dir/main.cpp.o
#18 229.7 [ 98%] Linking CXX executable ../../bin/llama-bench
#18 229.8 [ 98%] Built target llama-bench
#18 230.8 [ 98%] Linking CXX executable ../bin/test-peg-parser
#18 230.9 [ 98%] Built target test-peg-parser
#18 232.0 [ 98%] Linking CXX executable ../bin/test-backend-ops
#18 232.1 [ 98%] Built target test-backend-ops
#18 234.3 [ 98%] Linking CXX shared library ../../bin/libllama-server-impl.so
#18 234.4 [ 98%] Built target llama-server-impl
#18 234.4 [ 98%] Building CXX object tools/server/CMakeFiles/llama-server.dir/main.cpp.o
#18 234.4 [ 98%] Building CXX object tools/cli/CMakeFiles/llama-cli-impl.dir/cli-client.cpp.o
#18 234.4 [ 99%] Building CXX object tools/cli/CMakeFiles/llama-cli-impl.dir/cli-context.cpp.o
#18 234.4 [ 99%] Building CXX object tools/cli/CMakeFiles/llama-cli-impl.dir/cli.cpp.o
#18 234.4 [ 99%] Linking CXX executable ../../bin/llama-server
#18 234.5 [ 99%] Built target llama-server
#18 236.6 [ 99%] Linking CXX shared library ../../bin/libllama-cli-impl.so
#18 236.7 [ 99%] Built target llama-cli-impl
#18 236.7 [ 99%] Building CXX object app/CMakeFiles/llama-app.dir/llama.cpp.o
#18 236.7 [ 99%] Building CXX object app/CMakeFiles/llama-app.dir/__/license.cpp.o
#18 236.7 [100%] Building CXX object tools/cli/CMakeFiles/llama-cli.dir/main.cpp.o
#18 236.7 [100%] Building CXX object app/CMakeFiles/llama-app.dir/download.cpp.o
#18 236.8 [100%] Linking CXX executable ../../bin/llama-cli
#18 236.9 [100%] Built target llama-cli
#18 237.2 [100%] Linking CXX executable ../bin/llama
#18 237.3 [100%] Built target llama-app
#18 247.5 [100%] Linking CXX executable ../bin/test-chat
#18 247.6 [100%] Built target test-chat
#18 DONE 248.3s

#19 [build  8/11] RUN mkdir -p /app/lib && find build -name "*.so*" -exec cp -P {} /app/lib ;
#19 DONE 1.5s

#20 [build  9/11] RUN mkdir -p /app/full     && cp build/bin/* /app/full     && cp *.py /app/full     && cp -r conversion /app/full     && cp -r gguf-py /app/full     && cp -r requirements /app/full     && cp requirements.txt /app/full     && cp .devops/tools.sh /app/full/tools.sh     && cp /app/PINNED_COMMIT.txt /app/full/PINNED_COMMIT.txt
#20 DONE 1.9s

#21 [build 10/11] COPY docker/moe_cache_buffer_test.cpp /app/moe_cache_buffer_test.cpp
#21 DONE 0.4s

#22 [build 11/11] RUN icpx -fsycl -std=c++17         -I/app/ggml/include -I/app/include -I/app/ggml/src/ggml-sycl         -o /app/full/moe_cache_buffer_test /app/moe_cache_buffer_test.cpp         -L/app/lib -lggml -lggml-base -lllama -lggml-sycl -lpthread         -Wl,-rpath,/app
#22 DONE 5.1s

#23 exporting to image
#23 exporting layers
#23 exporting layers 5.0s done
#23 writing image sha256:5dc213fff4bff2fbcd54e05b6f204cb5ce94bdfb978affb66102e322df2f23b2 0.0s done
#23 naming to docker.io/library/qwen4exp-moe-cache:sycl-buildenv 0.0s done
#23 DONE 5.1s
